modelo,descricao,conjunto,h,metrica,valor,ic95_inf,ic95_sup,dif_vs_referencia,dif_ic95_inf,dif_ic95_sup,municipios
lightgbm_classificador,LightGBM classificador (prevê a tendência diretamente),validacao_cruzada,1,acerto,0.6607,0.642,0.6802,0.0,0.0,0.0,100
lightgbm_classificador,LightGBM classificador (prevê a tendência diretamente),validacao_cruzada,1,acerto_balanceado,0.4194,0.4131,0.4259,0.0,0.0,0.0,100
lightgbm_classificador,LightGBM classificador (prevê a tendência diretamente),validacao_cruzada,1,subidas_detectadas,0.1737,0.1638,0.1841,0.0,0.0,0.0,100
lightgbm_classificador,LightGBM classificador (prevê a tendência diretamente),validacao_cruzada,1,alarmes_subida_corretos,0.5,0.4796,0.5206,0.0,0.0,0.0,100
lightgbm_classificador,LightGBM classificador (prevê a tendência diretamente),validacao_cruzada,1,quedas_detectadas,0.1631,0.1484,0.1779,0.0,0.0,0.0,100
lightgbm_classificador,LightGBM classificador (prevê a tendência diretamente),validacao_cruzada,1,sentido_oposto,0.013,0.0113,0.0147,0.0,0.0,0.0,100
lightgbm_classificador,LightGBM classificador (prevê a tendência diretamente),validacao_cruzada,2,acerto,0.6228,0.6023,0.6436,0.0,0.0,0.0,100
lightgbm_classificador,LightGBM classificador (prevê a tendência diretamente),validacao_cruzada,2,acerto_balanceado,0.5536,0.5402,0.5663,0.0,0.0,0.0,100
lightgbm_classificador,LightGBM classificador (prevê a tendência diretamente),validacao_cruzada,2,subidas_detectadas,0.4097,0.3909,0.4285,0.0,0.0,0.0,100
lightgbm_classificador,LightGBM classificador (prevê a tendência diretamente),validacao_cruzada,2,alarmes_subida_corretos,0.5501,0.5308,0.5697,0.0,0.0,0.0,100
lightgbm_classificador,LightGBM classificador (prevê a tendência diretamente),validacao_cruzada,2,quedas_detectadas,0.485,0.4602,0.5106,0.0,0.0,0.0,100
lightgbm_classificador,LightGBM classificador (prevê a tendência diretamente),validacao_cruzada,2,sentido_oposto,0.0424,0.0385,0.0464,0.0,0.0,0.0,100
lightgbm_classificador,LightGBM classificador (prevê a tendência diretamente),validacao_cruzada,3,acerto,0.6213,0.6,0.6427,0.0,0.0,0.0,100
lightgbm_classificador,LightGBM classificador (prevê a tendência diretamente),validacao_cruzada,3,acerto_balanceado,0.605,0.589,0.6199,0.0,0.0,0.0,100
lightgbm_classificador,LightGBM classificador (prevê a tendência diretamente),validacao_cruzada,3,subidas_detectadas,0.508,0.4873,0.5278,0.0,0.0,0.0,100
lightgbm_classificador,LightGBM classificador (prevê a tendência diretamente),validacao_cruzada,3,alarmes_subida_corretos,0.5607,0.5397,0.5818,0.0,0.0,0.0,100
lightgbm_classificador,LightGBM classificador (prevê a tendência diretamente),validacao_cruzada,3,quedas_detectadas,0.631,0.6083,0.652,0.0,0.0,0.0,100
lightgbm_classificador,LightGBM classificador (prevê a tendência diretamente),validacao_cruzada,3,sentido_oposto,0.0702,0.0636,0.0773,0.0,0.0,0.0,100
lightgbm_classificador,LightGBM classificador (prevê a tendência diretamente),validacao_cruzada,4,acerto,0.626,0.6049,0.6469,0.0,0.0,0.0,100
lightgbm_classificador,LightGBM classificador (prevê a tendência diretamente),validacao_cruzada,4,acerto_balanceado,0.623,0.6068,0.6374,0.0,0.0,0.0,100
lightgbm_classificador,LightGBM classificador (prevê a tendência diretamente),validacao_cruzada,4,subidas_detectadas,0.5476,0.5227,0.5698,0.0,0.0,0.0,100
lightgbm_classificador,LightGBM classificador (prevê a tendência diretamente),validacao_cruzada,4,alarmes_subida_corretos,0.5691,0.5488,0.5893,0.0,0.0,0.0,100
lightgbm_classificador,LightGBM classificador (prevê a tendência diretamente),validacao_cruzada,4,quedas_detectadas,0.6816,0.6606,0.7016,0.0,0.0,0.0,100
lightgbm_classificador,LightGBM classificador (prevê a tendência diretamente),validacao_cruzada,4,sentido_oposto,0.089,0.0806,0.0976,0.0,0.0,0.0,100
lightgbm_classificador,LightGBM classificador (prevê a tendência diretamente),validacao_final,1,acerto,0.6344,0.5951,0.6793,0.0,0.0,0.0,15
lightgbm_classificador,LightGBM classificador (prevê a tendência diretamente),validacao_final,1,acerto_balanceado,0.4156,0.398,0.4329,0.0,0.0,0.0,15
lightgbm_classificador,LightGBM classificador (prevê a tendência diretamente),validacao_final,1,subidas_detectadas,0.1733,0.1489,0.1966,0.0,0.0,0.0,15
lightgbm_classificador,LightGBM classificador (prevê a tendência diretamente),validacao_final,1,alarmes_subida_corretos,0.542,0.4761,0.6093,0.0,0.0,0.0,15
lightgbm_classificador,LightGBM classificador (prevê a tendência diretamente),validacao_final,1,quedas_detectadas,0.162,0.1297,0.1955,0.0,0.0,0.0,15
lightgbm_classificador,LightGBM classificador (prevê a tendência diretamente),validacao_final,1,sentido_oposto,0.0124,0.0084,0.0176,0.0,0.0,0.0,15
lightgbm_classificador,LightGBM classificador (prevê a tendência diretamente),validacao_final,2,acerto,0.5844,0.5424,0.6291,0.0,0.0,0.0,15
lightgbm_classificador,LightGBM classificador (prevê a tendência diretamente),validacao_final,2,acerto_balanceado,0.5503,0.5166,0.5803,0.0,0.0,0.0,15
lightgbm_classificador,LightGBM classificador (prevê a tendência diretamente),validacao_final,2,subidas_detectadas,0.4128,0.3756,0.444,0.0,0.0,0.0,15
lightgbm_classificador,LightGBM classificador (prevê a tendência diretamente),validacao_final,2,alarmes_subida_corretos,0.5735,0.512,0.6325,0.0,0.0,0.0,15
lightgbm_classificador,LightGBM classificador (prevê a tendência diretamente),validacao_final,2,quedas_detectadas,0.5442,0.4918,0.5954,0.0,0.0,0.0,15
lightgbm_classificador,LightGBM classificador (prevê a tendência diretamente),validacao_final,2,sentido_oposto,0.0431,0.0333,0.0538,0.0,0.0,0.0,15
lightgbm_classificador,LightGBM classificador (prevê a tendência diretamente),validacao_final,3,acerto,0.5966,0.5597,0.6365,0.0,0.0,0.0,15
lightgbm_classificador,LightGBM classificador (prevê a tendência diretamente),validacao_final,3,acerto_balanceado,0.6029,0.568,0.6352,0.0,0.0,0.0,15
lightgbm_classificador,LightGBM classificador (prevê a tendência diretamente),validacao_final,3,subidas_detectadas,0.5662,0.521,0.6029,0.0,0.0,0.0,15
lightgbm_classificador,LightGBM classificador (prevê a tendência diretamente),validacao_final,3,alarmes_subida_corretos,0.5939,0.5397,0.6438,0.0,0.0,0.0,15
lightgbm_classificador,LightGBM classificador (prevê a tendência diretamente),validacao_final,3,quedas_detectadas,0.6836,0.6315,0.7345,0.0,0.0,0.0,15
lightgbm_classificador,LightGBM classificador (prevê a tendência diretamente),validacao_final,3,sentido_oposto,0.0643,0.0516,0.0761,0.0,0.0,0.0,15
lightgbm_classificador,LightGBM classificador (prevê a tendência diretamente),validacao_final,4,acerto,0.6027,0.5655,0.6431,0.0,0.0,0.0,15
lightgbm_classificador,LightGBM classificador (prevê a tendência diretamente),validacao_final,4,acerto_balanceado,0.6112,0.5716,0.6497,0.0,0.0,0.0,15
lightgbm_classificador,LightGBM classificador (prevê a tendência diretamente),validacao_final,4,subidas_detectadas,0.6303,0.5799,0.6722,0.0,0.0,0.0,15
lightgbm_classificador,LightGBM classificador (prevê a tendência diretamente),validacao_final,4,alarmes_subida_corretos,0.5943,0.5447,0.635,0.0,0.0,0.0,15
lightgbm_classificador,LightGBM classificador (prevê a tendência diretamente),validacao_final,4,quedas_detectadas,0.7321,0.6808,0.7767,0.0,0.0,0.0,15
lightgbm_classificador,LightGBM classificador (prevê a tendência diretamente),validacao_final,4,sentido_oposto,0.0959,0.0814,0.1103,0.0,0.0,0.0,15
lightgbm_classificador_clima_s1_s4,LightGBM classificador com clima de S-1 a S-4,validacao_cruzada,1,acerto,0.661,0.6416,0.6808,0.0003,-0.0025,0.0029,100
lightgbm_classificador_clima_s1_s4,LightGBM classificador com clima de S-1 a S-4,validacao_cruzada,1,acerto_balanceado,0.4295,0.422,0.4371,0.0101,0.0056,0.0146,100
lightgbm_classificador_clima_s1_s4,LightGBM classificador com clima de S-1 a S-4,validacao_cruzada,1,subidas_detectadas,0.1794,0.168,0.191,0.0057,-0.0032,0.0143,100
lightgbm_classificador_clima_s1_s4,LightGBM classificador com clima de S-1 a S-4,validacao_cruzada,1,alarmes_subida_corretos,0.4986,0.48,0.517,-0.0014,-0.0158,0.0132,100
lightgbm_classificador_clima_s1_s4,LightGBM classificador com clima de S-1 a S-4,validacao_cruzada,1,quedas_detectadas,0.1975,0.1783,0.2173,0.0344,0.0212,0.0475,100
lightgbm_classificador_clima_s1_s4,LightGBM classificador com clima de S-1 a S-4,validacao_cruzada,1,sentido_oposto,0.0146,0.013,0.0164,0.0016,0.0004,0.003,100
lightgbm_classificador_clima_s1_s4,LightGBM classificador com clima de S-1 a S-4,validacao_cruzada,2,acerto,0.6294,0.6101,0.6493,0.0067,0.0029,0.0106,100
lightgbm_classificador_clima_s1_s4,LightGBM classificador com clima de S-1 a S-4,validacao_cruzada,2,acerto_balanceado,0.5605,0.5471,0.573,0.007,0.0026,0.0111,100
lightgbm_classificador_clima_s1_s4,LightGBM classificador com clima de S-1 a S-4,validacao_cruzada,2,subidas_detectadas,0.4132,0.3911,0.4344,0.0035,-0.0064,0.0132,100
lightgbm_classificador_clima_s1_s4,LightGBM classificador com clima de S-1 a S-4,validacao_cruzada,2,alarmes_subida_corretos,0.5481,0.5308,0.5656,-0.002,-0.0109,0.0068,100
lightgbm_classificador_clima_s1_s4,LightGBM classificador com clima de S-1 a S-4,validacao_cruzada,2,quedas_detectadas,0.4964,0.4679,0.5248,0.0113,-0.0023,0.0255,100
lightgbm_classificador_clima_s1_s4,LightGBM classificador com clima de S-1 a S-4,validacao_cruzada,2,sentido_oposto,0.0403,0.0368,0.044,-0.002,-0.0043,0.0002,100
lightgbm_classificador_clima_s1_s4,LightGBM classificador com clima de S-1 a S-4,validacao_cruzada,3,acerto,0.6287,0.6089,0.6492,0.0074,0.0031,0.012,100
lightgbm_classificador_clima_s1_s4,LightGBM classificador com clima de S-1 a S-4,validacao_cruzada,3,acerto_balanceado,0.611,0.597,0.6245,0.006,0.0017,0.0106,100
lightgbm_classificador_clima_s1_s4,LightGBM classificador com clima de S-1 a S-4,validacao_cruzada,3,subidas_detectadas,0.5209,0.4974,0.5432,0.0129,0.0041,0.0216,100
lightgbm_classificador_clima_s1_s4,LightGBM classificador com clima de S-1 a S-4,validacao_cruzada,3,alarmes_subida_corretos,0.5717,0.5534,0.5909,0.011,0.0023,0.0198,100
lightgbm_classificador_clima_s1_s4,LightGBM classificador com clima de S-1 a S-4,validacao_cruzada,3,quedas_detectadas,0.6244,0.6014,0.6458,-0.0065,-0.0178,0.0055,100
lightgbm_classificador_clima_s1_s4,LightGBM classificador com clima de S-1 a S-4,validacao_cruzada,3,sentido_oposto,0.0613,0.0555,0.0675,-0.0088,-0.0123,-0.0056,100
lightgbm_classificador_clima_s1_s4,LightGBM classificador com clima de S-1 a S-4,validacao_cruzada,4,acerto,0.6346,0.6153,0.6542,0.0087,0.004,0.0133,100
lightgbm_classificador_clima_s1_s4,LightGBM classificador com clima de S-1 a S-4,validacao_cruzada,4,acerto_balanceado,0.6332,0.6185,0.6465,0.0103,0.0054,0.0152,100
lightgbm_classificador_clima_s1_s4,LightGBM classificador com clima de S-1 a S-4,validacao_cruzada,4,subidas_detectadas,0.5715,0.5457,0.596,0.0239,0.0142,0.0336,100
lightgbm_classificador_clima_s1_s4,LightGBM classificador com clima de S-1 a S-4,validacao_cruzada,4,alarmes_subida_corretos,0.5812,0.5623,0.5991,0.012,0.0021,0.0226,100
lightgbm_classificador_clima_s1_s4,LightGBM classificador com clima de S-1 a S-4,validacao_cruzada,4,quedas_detectadas,0.688,0.6702,0.7055,0.0064,-0.0071,0.0202,100
lightgbm_classificador_clima_s1_s4,LightGBM classificador com clima de S-1 a S-4,validacao_cruzada,4,sentido_oposto,0.0821,0.0743,0.0897,-0.007,-0.0105,-0.0035,100
lightgbm_classificador_clima_s1_s4,LightGBM classificador com clima de S-1 a S-4,validacao_final,1,acerto,0.6307,0.594,0.6733,-0.0038,-0.0107,0.0034,15
lightgbm_classificador_clima_s1_s4,LightGBM classificador com clima de S-1 a S-4,validacao_final,1,acerto_balanceado,0.4248,0.4071,0.4415,0.0093,0.0013,0.0159,15
lightgbm_classificador_clima_s1_s4,LightGBM classificador com clima de S-1 a S-4,validacao_final,1,subidas_detectadas,0.1768,0.1465,0.2058,0.0035,-0.0165,0.0219,15
lightgbm_classificador_clima_s1_s4,LightGBM classificador com clima de S-1 a S-4,validacao_final,1,alarmes_subida_corretos,0.5191,0.4767,0.5654,-0.0229,-0.0747,0.0303,15
lightgbm_classificador_clima_s1_s4,LightGBM classificador com clima de S-1 a S-4,validacao_final,1,quedas_detectadas,0.2056,0.167,0.2438,0.0436,0.0167,0.0682,15
lightgbm_classificador_clima_s1_s4,LightGBM classificador com clima de S-1 a S-4,validacao_final,1,sentido_oposto,0.0152,0.0111,0.0189,0.0027,-0.0024,0.0072,15
lightgbm_classificador_clima_s1_s4,LightGBM classificador com clima de S-1 a S-4,validacao_final,2,acerto,0.5891,0.5465,0.6337,0.0046,-0.0036,0.0126,15
lightgbm_classificador_clima_s1_s4,LightGBM classificador com clima de S-1 a S-4,validacao_final,2,acerto_balanceado,0.5589,0.5257,0.5906,0.0086,0.0,0.017,15
lightgbm_classificador_clima_s1_s4,LightGBM classificador com clima de S-1 a S-4,validacao_final,2,subidas_detectadas,0.4427,0.3873,0.4948,0.03,0.0006,0.058,15
lightgbm_classificador_clima_s1_s4,LightGBM classificador com clima de S-1 a S-4,validacao_final,2,alarmes_subida_corretos,0.5932,0.5509,0.6335,0.0197,-0.0082,0.0474,15
lightgbm_classificador_clima_s1_s4,LightGBM classificador com clima de S-1 a S-4,validacao_final,2,quedas_detectadas,0.5483,0.5026,0.5974,0.0041,-0.0187,0.0256,15
lightgbm_classificador_clima_s1_s4,LightGBM classificador com clima de S-1 a S-4,validacao_final,2,sentido_oposto,0.0383,0.0299,0.0468,-0.0048,-0.0091,-0.001,15
lightgbm_classificador_clima_s1_s4,LightGBM classificador com clima de S-1 a S-4,validacao_final,3,acerto,0.5973,0.5592,0.6374,0.0007,-0.0075,0.0081,15
lightgbm_classificador_clima_s1_s4,LightGBM classificador com clima de S-1 a S-4,validacao_final,3,acerto_balanceado,0.6051,0.5687,0.6376,0.0023,-0.0055,0.009,15
lightgbm_classificador_clima_s1_s4,LightGBM classificador com clima de S-1 a S-4,validacao_final,3,subidas_detectadas,0.5826,0.5237,0.6316,0.0163,-0.0079,0.0397,15
lightgbm_classificador_clima_s1_s4,LightGBM classificador com clima de S-1 a S-4,validacao_final,3,alarmes_subida_corretos,0.5981,0.5609,0.6345,0.0042,-0.0201,0.033,15
lightgbm_classificador_clima_s1_s4,LightGBM classificador com clima de S-1 a S-4,validacao_final,3,quedas_detectadas,0.6824,0.6424,0.721,-0.0012,-0.023,0.0218,15
lightgbm_classificador_clima_s1_s4,LightGBM classificador com clima de S-1 a S-4,validacao_final,3,sentido_oposto,0.0639,0.0511,0.0773,-0.0003,-0.0065,0.0058,15
lightgbm_classificador_clima_s1_s4,LightGBM classificador com clima de S-1 a S-4,validacao_final,4,acerto,0.6076,0.5706,0.6476,0.0048,-0.004,0.0143,15
lightgbm_classificador_clima_s1_s4,LightGBM classificador com clima de S-1 a S-4,validacao_final,4,acerto_balanceado,0.6157,0.5752,0.6541,0.0044,-0.0039,0.0139,15
lightgbm_classificador_clima_s1_s4,LightGBM classificador com clima de S-1 a S-4,validacao_final,4,subidas_detectadas,0.6371,0.5675,0.6975,0.0067,-0.0243,0.0323,15
lightgbm_classificador_clima_s1_s4,LightGBM classificador com clima de S-1 a S-4,validacao_final,4,alarmes_subida_corretos,0.5879,0.5575,0.6151,-0.0064,-0.0349,0.0279,15
lightgbm_classificador_clima_s1_s4,LightGBM classificador com clima de S-1 a S-4,validacao_final,4,quedas_detectadas,0.7273,0.6889,0.7603,-0.0049,-0.0251,0.0186,15
lightgbm_classificador_clima_s1_s4,LightGBM classificador com clima de S-1 a S-4,validacao_final,4,sentido_oposto,0.0892,0.0744,0.1053,-0.0067,-0.0167,0.0017,15
lightgbm_classificador_clima_s1_s5,LightGBM classificador com clima de S-1 a S-5,validacao_cruzada,1,acerto,0.6582,0.6392,0.6784,-0.0024,-0.0054,0.0004,100
lightgbm_classificador_clima_s1_s5,LightGBM classificador com clima de S-1 a S-5,validacao_cruzada,1,acerto_balanceado,0.4272,0.4196,0.435,0.0078,0.0035,0.0121,100
lightgbm_classificador_clima_s1_s5,LightGBM classificador com clima de S-1 a S-5,validacao_cruzada,1,subidas_detectadas,0.1792,0.1674,0.1908,0.0055,-0.0036,0.014,100
lightgbm_classificador_clima_s1_s5,LightGBM classificador com clima de S-1 a S-5,validacao_cruzada,1,alarmes_subida_corretos,0.4961,0.4776,0.5159,-0.0039,-0.0171,0.009,100
lightgbm_classificador_clima_s1_s5,LightGBM classificador com clima de S-1 a S-5,validacao_cruzada,1,quedas_detectadas,0.1941,0.1749,0.2135,0.031,0.019,0.0436,100
lightgbm_classificador_clima_s1_s5,LightGBM classificador com clima de S-1 a S-5,validacao_cruzada,1,sentido_oposto,0.0139,0.0121,0.0156,0.0009,-0.0003,0.002,100
lightgbm_classificador_clima_s1_s5,LightGBM classificador com clima de S-1 a S-5,validacao_cruzada,2,acerto,0.6285,0.6086,0.6485,0.0057,0.0021,0.0095,100
lightgbm_classificador_clima_s1_s5,LightGBM classificador com clima de S-1 a S-5,validacao_cruzada,2,acerto_balanceado,0.5602,0.5465,0.573,0.0066,0.0022,0.0109,100
lightgbm_classificador_clima_s1_s5,LightGBM classificador com clima de S-1 a S-5,validacao_cruzada,2,subidas_detectadas,0.4144,0.3931,0.436,0.0047,-0.0052,0.0152,100
lightgbm_classificador_clima_s1_s5,LightGBM classificador com clima de S-1 a S-5,validacao_cruzada,2,alarmes_subida_corretos,0.5485,0.5303,0.5669,-0.0016,-0.0106,0.0073,100
lightgbm_classificador_clima_s1_s5,LightGBM classificador com clima de S-1 a S-5,validacao_cruzada,2,quedas_detectadas,0.4961,0.4662,0.525,0.0111,-0.0032,0.0254,100
lightgbm_classificador_clima_s1_s5,LightGBM classificador com clima de S-1 a S-5,validacao_cruzada,2,sentido_oposto,0.0402,0.0366,0.0439,-0.0022,-0.0045,0.0001,100
lightgbm_classificador_clima_s1_s5,LightGBM classificador com clima de S-1 a S-5,validacao_cruzada,3,acerto,0.6283,0.6089,0.6486,0.007,0.0029,0.0113,100
lightgbm_classificador_clima_s1_s5,LightGBM classificador com clima de S-1 a S-5,validacao_cruzada,3,acerto_balanceado,0.611,0.5968,0.6247,0.006,0.0015,0.0106,100
lightgbm_classificador_clima_s1_s5,LightGBM classificador com clima de S-1 a S-5,validacao_cruzada,3,subidas_detectadas,0.5192,0.4953,0.5419,0.0112,0.0015,0.021,100
lightgbm_classificador_clima_s1_s5,LightGBM classificador com clima de S-1 a S-5,validacao_cruzada,3,alarmes_subida_corretos,0.5709,0.5519,0.5908,0.0102,0.0007,0.0198,100
lightgbm_classificador_clima_s1_s5,LightGBM classificador com clima de S-1 a S-5,validacao_cruzada,3,quedas_detectadas,0.6274,0.6042,0.6489,-0.0035,-0.0155,0.0089,100
lightgbm_classificador_clima_s1_s5,LightGBM classificador com clima de S-1 a S-5,validacao_cruzada,3,sentido_oposto,0.0616,0.0557,0.0678,-0.0086,-0.0123,-0.005,100
lightgbm_classificador_clima_s1_s5,LightGBM classificador com clima de S-1 a S-5,validacao_cruzada,4,acerto,0.6337,0.6145,0.653,0.0077,0.003,0.0126,100
lightgbm_classificador_clima_s1_s5,LightGBM classificador com clima de S-1 a S-5,validacao_cruzada,4,acerto_balanceado,0.6319,0.6174,0.6448,0.0089,0.004,0.0141,100
lightgbm_classificador_clima_s1_s5,LightGBM classificador com clima de S-1 a S-5,validacao_cruzada,4,subidas_detectadas,0.566,0.5401,0.5905,0.0184,0.0075,0.0292,100
lightgbm_classificador_clima_s1_s5,LightGBM classificador com clima de S-1 a S-5,validacao_cruzada,4,alarmes_subida_corretos,0.5788,0.5604,0.5962,0.0097,-0.0008,0.0206,100
lightgbm_classificador_clima_s1_s5,LightGBM classificador com clima de S-1 a S-5,validacao_cruzada,4,quedas_detectadas,0.6884,0.6705,0.7057,0.0068,-0.007,0.0206,100
lightgbm_classificador_clima_s1_s5,LightGBM classificador com clima de S-1 a S-5,validacao_cruzada,4,sentido_oposto,0.0815,0.0738,0.0892,-0.0075,-0.011,-0.0041,100
lightgbm_classificador_clima_s1_s5,LightGBM classificador com clima de S-1 a S-5,validacao_final,1,acerto,0.6307,0.5945,0.6742,-0.0038,-0.0109,0.0039,15
lightgbm_classificador_clima_s1_s5,LightGBM classificador com clima de S-1 a S-5,validacao_final,1,acerto_balanceado,0.4242,0.4074,0.44,0.0086,-0.0008,0.0172,15
lightgbm_classificador_clima_s1_s5,LightGBM classificador com clima de S-1 a S-5,validacao_final,1,subidas_detectadas,0.1698,0.1438,0.1944,-0.0035,-0.0175,0.0092,15
lightgbm_classificador_clima_s1_s5,LightGBM classificador com clima de S-1 a S-5,validacao_final,1,alarmes_subida_corretos,0.4987,0.4545,0.5468,-0.0433,-0.0968,0.0126,15
lightgbm_classificador_clima_s1_s5,LightGBM classificador com clima de S-1 a S-5,validacao_final,1,quedas_detectadas,0.2095,0.1688,0.2483,0.0475,0.0157,0.0771,15
lightgbm_classificador_clima_s1_s5,LightGBM classificador com clima de S-1 a S-5,validacao_final,1,sentido_oposto,0.0147,0.0106,0.0186,0.0022,-0.0026,0.0065,15
lightgbm_classificador_clima_s1_s5,LightGBM classificador com clima de S-1 a S-5,validacao_final,2,acerto,0.5872,0.5451,0.6328,0.0027,-0.0075,0.0123,15
lightgbm_classificador_clima_s1_s5,LightGBM classificador com clima de S-1 a S-5,validacao_final,2,acerto_balanceado,0.557,0.5226,0.5881,0.0066,-0.0037,0.0164,15
lightgbm_classificador_clima_s1_s5,LightGBM classificador com clima de S-1 a S-5,validacao_final,2,subidas_detectadas,0.4328,0.3785,0.4809,0.02,-0.0088,0.044,15
lightgbm_classificador_clima_s1_s5,LightGBM classificador com clima de S-1 a S-5,validacao_final,2,alarmes_subida_corretos,0.584,0.5422,0.625,0.0105,-0.0187,0.0404,15
lightgbm_classificador_clima_s1_s5,LightGBM classificador com clima de S-1 a S-5,validacao_final,2,quedas_detectadas,0.5538,0.5101,0.6,0.0096,-0.0135,0.0328,15
lightgbm_classificador_clima_s1_s5,LightGBM classificador com clima de S-1 a S-5,validacao_final,2,sentido_oposto,0.0409,0.0325,0.0501,-0.0022,-0.0062,0.0014,15
lightgbm_classificador_clima_s1_s5,LightGBM classificador com clima de S-1 a S-5,validacao_final,3,acerto,0.599,0.558,0.6442,0.0024,-0.0089,0.0125,15
lightgbm_classificador_clima_s1_s5,LightGBM classificador com clima de S-1 a S-5,validacao_final,3,acerto_balanceado,0.6057,0.5668,0.6417,0.0028,-0.0081,0.0129,15
lightgbm_classificador_clima_s1_s5,LightGBM classificador com clima de S-1 a S-5,validacao_final,3,subidas_detectadas,0.5765,0.5108,0.632,0.0103,-0.0211,0.0405,15
lightgbm_classificador_clima_s1_s5,LightGBM classificador com clima de S-1 a S-5,validacao_final,3,alarmes_subida_corretos,0.599,0.5609,0.6362,0.0051,-0.0219,0.035,15
lightgbm_classificador_clima_s1_s5,LightGBM classificador com clima de S-1 a S-5,validacao_final,3,quedas_detectadas,0.6818,0.6468,0.7185,-0.0018,-0.0246,0.0233,15
lightgbm_classificador_clima_s1_s5,LightGBM classificador com clima de S-1 a S-5,validacao_final,3,sentido_oposto,0.0629,0.0511,0.0756,-0.0014,-0.0084,0.0048,15
lightgbm_classificador_clima_s1_s5,LightGBM classificador com clima de S-1 a S-5,validacao_final,4,acerto,0.6067,0.5687,0.6485,0.004,-0.0058,0.0143,15
lightgbm_classificador_clima_s1_s5,LightGBM classificador com clima de S-1 a S-5,validacao_final,4,acerto_balanceado,0.6152,0.5733,0.6555,0.0039,-0.0052,0.0136,15
lightgbm_classificador_clima_s1_s5,LightGBM classificador com clima de S-1 a S-5,validacao_final,4,subidas_detectadas,0.6343,0.5642,0.6959,0.0039,-0.0253,0.0308,15
lightgbm_classificador_clima_s1_s5,LightGBM classificador com clima de S-1 a S-5,validacao_final,4,alarmes_subida_corretos,0.588,0.5574,0.6155,-0.0063,-0.036,0.029,15
lightgbm_classificador_clima_s1_s5,LightGBM classificador com clima de S-1 a S-5,validacao_final,4,quedas_detectadas,0.7359,0.7024,0.7667,0.0038,-0.0196,0.0316,15
lightgbm_classificador_clima_s1_s5,LightGBM classificador com clima de S-1 a S-5,validacao_final,4,sentido_oposto,0.0885,0.0732,0.1048,-0.0074,-0.0162,0.0005,15
