Configuracao,Grupo,Horizonte,Razao_MAE,Acerto_tendencia,Acerto_sempre_estavel,Subidas_detectadas,Alarmes_subida_corretos,Sentido_oposto
"A. Com Rt, sem clima (anterior)",treino,Semana +1,0.855,0.66,0.652,0.208,0.51,0.013
"A. Com Rt, sem clima (anterior)",validacao,Semana +1,0.943,0.599,0.625,0.16,0.489,0.022
"A. Com Rt, sem clima (anterior)",treino,Semana +2,0.787,0.649,0.54,0.428,0.59,0.032
"A. Com Rt, sem clima (anterior)",validacao,Semana +2,0.852,0.568,0.476,0.41,0.601,0.04
"A. Com Rt, sem clima (anterior)",treino,Semana +3,0.756,0.663,0.484,0.5,0.626,0.043
"A. Com Rt, sem clima (anterior)",validacao,Semana +3,0.845,0.565,0.403,0.46,0.612,0.054
"A. Com Rt, sem clima (anterior)",treino,Semana +4,0.735,0.675,0.437,0.545,0.658,0.047
"A. Com Rt, sem clima (anterior)",validacao,Semana +4,0.822,0.588,0.341,0.511,0.653,0.061
"B. Sem Rt, sem clima",treino,Semana +1,0.865,0.657,0.652,0.195,0.486,0.014
"B. Sem Rt, sem clima",validacao,Semana +1,0.946,0.604,0.625,0.166,0.496,0.026
"B. Sem Rt, sem clima",treino,Semana +2,0.787,0.65,0.54,0.437,0.598,0.032
"B. Sem Rt, sem clima",validacao,Semana +2,0.86,0.556,0.476,0.404,0.588,0.04
"B. Sem Rt, sem clima",treino,Semana +3,0.754,0.667,0.484,0.511,0.636,0.043
"B. Sem Rt, sem clima",validacao,Semana +3,0.841,0.57,0.403,0.468,0.613,0.054
"B. Sem Rt, sem clima",treino,Semana +4,0.739,0.673,0.437,0.545,0.658,0.045
"B. Sem Rt, sem clima",validacao,Semana +4,0.828,0.59,0.341,0.519,0.651,0.066
C. Sem Rt + clima mínimo,treino,Semana +1,0.898,0.651,0.652,0.176,0.448,0.017
C. Sem Rt + clima mínimo,validacao,Semana +1,1.011,0.571,0.625,0.26,0.398,0.031
C. Sem Rt + clima mínimo,treino,Semana +2,0.834,0.641,0.54,0.405,0.581,0.031
C. Sem Rt + clima mínimo,validacao,Semana +2,0.924,0.538,0.476,0.447,0.545,0.047
C. Sem Rt + clima mínimo,treino,Semana +3,0.802,0.653,0.484,0.491,0.617,0.04
C. Sem Rt + clima mínimo,validacao,Semana +3,0.875,0.548,0.403,0.478,0.581,0.06
C. Sem Rt + clima mínimo,treino,Semana +4,0.78,0.663,0.437,0.532,0.635,0.05
C. Sem Rt + clima mínimo,validacao,Semana +4,0.833,0.578,0.341,0.529,0.633,0.073
D. Sem Rt + clima compacto,treino,Semana +1,0.951,0.646,0.652,0.197,0.427,0.018
D. Sem Rt + clima compacto,validacao,Semana +1,1.038,0.548,0.625,0.244,0.397,0.032
D. Sem Rt + clima compacto,treino,Semana +2,0.89,0.643,0.54,0.417,0.576,0.032
D. Sem Rt + clima compacto,validacao,Semana +2,0.921,0.52,0.476,0.418,0.534,0.05
D. Sem Rt + clima compacto,treino,Semana +3,0.845,0.649,0.484,0.499,0.592,0.044
D. Sem Rt + clima compacto,validacao,Semana +3,0.912,0.542,0.403,0.477,0.575,0.074
D. Sem Rt + clima compacto,treino,Semana +4,0.805,0.658,0.437,0.538,0.622,0.052
D. Sem Rt + clima compacto,validacao,Semana +4,0.872,0.559,0.341,0.499,0.623,0.081
E. Sem Rt + chuva 4 e 12 semanas e temperatura 8 semanas,treino,Semana +1,0.897,0.651,0.652,0.196,0.446,0.018
E. Sem Rt + chuva 4 e 12 semanas e temperatura 8 semanas,validacao,Semana +1,1.033,0.573,0.625,0.276,0.412,0.033
E. Sem Rt + chuva 4 e 12 semanas e temperatura 8 semanas,treino,Semana +2,0.881,0.636,0.54,0.407,0.575,0.03
E. Sem Rt + chuva 4 e 12 semanas e temperatura 8 semanas,validacao,Semana +2,0.996,0.544,0.476,0.449,0.536,0.045
E. Sem Rt + chuva 4 e 12 semanas e temperatura 8 semanas,treino,Semana +3,0.836,0.656,0.484,0.491,0.616,0.042
E. Sem Rt + chuva 4 e 12 semanas e temperatura 8 semanas,validacao,Semana +3,0.939,0.557,0.403,0.493,0.592,0.059
E. Sem Rt + chuva 4 e 12 semanas e temperatura 8 semanas,treino,Semana +4,0.797,0.659,0.437,0.527,0.627,0.049
E. Sem Rt + chuva 4 e 12 semanas e temperatura 8 semanas,validacao,Semana +4,0.9,0.582,0.341,0.534,0.617,0.07
Ref. InfoDengue: p_rt1,treino,Semana +1,,0.482,0.652,0.36,0.285,0.07
Ref. InfoDengue: p_rt1,validacao,Semana +1,,0.448,0.625,0.369,0.278,0.072
Ref. InfoDengue: p_rt1,treino,Semana +2,,0.499,0.54,0.405,0.424,0.081
Ref. InfoDengue: p_rt1,validacao,Semana +2,,0.494,0.476,0.43,0.442,0.091
Ref. InfoDengue: p_rt1,treino,Semana +3,,0.505,0.484,0.41,0.474,0.091
Ref. InfoDengue: p_rt1,validacao,Semana +3,,0.502,0.403,0.429,0.491,0.092
Ref. InfoDengue: p_rt1,treino,Semana +4,,0.495,0.437,0.395,0.499,0.101
Ref. InfoDengue: p_rt1,validacao,Semana +4,,0.499,0.341,0.419,0.519,0.107
Ref. InfoDengue: Rt,treino,Semana +1,,0.279,0.652,0.497,0.221,0.121
Ref. InfoDengue: Rt,validacao,Semana +1,,0.359,0.625,0.46,0.25,0.117
Ref. InfoDengue: Rt,treino,Semana +2,,0.333,0.54,0.546,0.321,0.143
Ref. InfoDengue: Rt,validacao,Semana +2,,0.414,0.476,0.521,0.387,0.136
Ref. InfoDengue: Rt,treino,Semana +3,,0.355,0.484,0.55,0.357,0.157
Ref. InfoDengue: Rt,validacao,Semana +3,,0.444,0.403,0.538,0.444,0.139
Ref. InfoDengue: Rt,treino,Semana +4,,0.365,0.437,0.549,0.389,0.173
Ref. InfoDengue: Rt,validacao,Semana +4,,0.454,0.341,0.534,0.478,0.157
