Grupo,Antecedencia,Lacuna,Semanas,Baseline_MAE,LGBM_MAE,Razao_MAE,LGBM_MAE_vs_sem_lacuna
treino,1,0,7799,30.61,26.49,0.865,1.0
treino,1,4,7799,105.71,76.15,0.72,2.875
treino,1,5,7799,122.62,86.39,0.705,3.261
treino,2,0,7786,50.15,39.47,0.787,1.0
treino,2,4,7786,122.7,85.62,0.698,2.17
treino,2,5,7786,138.66,95.7,0.69,2.425
treino,3,0,7773,68.96,52.0,0.754,1.0
treino,3,4,7773,138.6,95.89,0.692,1.844
treino,3,5,7773,152.75,104.78,0.686,2.015
treino,4,0,7760,87.68,64.82,0.739,1.0
treino,4,4,7760,152.55,104.27,0.684,1.609
treino,4,5,7760,165.67,111.55,0.673,1.721
validacao,1,0,3600,63.82,60.35,0.946,1.0
validacao,1,4,3600,238.19,187.79,0.788,3.112
validacao,1,5,3600,276.71,216.67,0.783,3.59
validacao,2,0,3594,109.72,94.38,0.86,1.0
validacao,2,4,3594,276.98,213.63,0.771,2.263
validacao,2,5,3594,312.9,240.12,0.767,2.544
validacao,3,0,3588,153.53,129.06,0.841,1.0
validacao,3,4,3588,313.04,243.96,0.779,1.89
validacao,3,5,3588,345.6,264.15,0.764,2.047
validacao,4,0,3582,197.05,163.22,0.828,1.0
validacao,4,4,3582,345.52,265.99,0.77,1.63
validacao,4,5,3582,375.17,281.31,0.75,1.724
