h,Razao_MAE,IC95_inf,IC95_sup,Acerto_modelo,Acerto_sempre_estavel,Subidas_detectadas,Alarmes_subida_corretos,Sentido_oposto,Configuracao,Municipios,Dif_vs_sem_clima,Dif_IC95_inf,Dif_IC95_sup
1,0.8397,0.811,0.8721,0.674,0.667,0.07,0.532,0.006,Sem clima,100,,,
2,0.7742,0.7423,0.81,0.633,0.573,0.235,0.6,0.022,Sem clima,100,,,
3,0.7416,0.7132,0.7771,0.63,0.515,0.336,0.616,0.036,Sem clima,100,,,
4,0.7281,0.7019,0.7586,0.632,0.475,0.403,0.617,0.049,Sem clima,100,,,
1,0.8569,0.832,0.8854,0.673,0.667,0.071,0.534,0.007,Clima S-1 a S-2,100,0.0172,0.0045,0.0308
2,0.7812,0.7459,0.8182,0.64,0.573,0.253,0.6,0.02,Clima S-1 a S-2,100,0.007,-0.0027,0.0182
3,0.7411,0.7074,0.7769,0.638,0.515,0.359,0.619,0.033,Clima S-1 a S-2,100,-0.0006,-0.013,0.016
4,0.7207,0.6901,0.753,0.638,0.475,0.425,0.621,0.044,Clima S-1 a S-2,100,-0.0074,-0.0184,0.0046
1,0.8585,0.833,0.8876,0.672,0.667,0.07,0.533,0.007,Clima S-1 a S-4,100,0.0188,0.0068,0.0322
2,0.779,0.7426,0.8152,0.638,0.573,0.255,0.604,0.02,Clima S-1 a S-4,100,0.0048,-0.0046,0.0142
3,0.7364,0.7033,0.7731,0.638,0.515,0.361,0.623,0.033,Clima S-1 a S-4,100,-0.0053,-0.0168,0.0096
4,0.7143,0.6848,0.7447,0.64,0.475,0.427,0.627,0.044,Clima S-1 a S-4,100,-0.0138,-0.0233,-0.0042
1,0.8576,0.8325,0.886,0.672,0.667,0.075,0.54,0.007,Clima S-1 a S-5,100,0.0179,0.0055,0.0307
2,0.7826,0.7471,0.8201,0.638,0.573,0.254,0.601,0.02,Clima S-1 a S-5,100,0.0084,-0.004,0.0234
3,0.7378,0.7037,0.7755,0.637,0.515,0.36,0.621,0.032,Clima S-1 a S-5,100,-0.0038,-0.0166,0.0119
4,0.7145,0.6826,0.7476,0.639,0.475,0.424,0.624,0.045,Clima S-1 a S-5,100,-0.0136,-0.0268,-0.0015
1,0.8503,0.8258,0.8781,0.673,0.667,0.073,0.548,0.006,Clima: média de S-1 a S-8,100,0.0106,0.001,0.0202
2,0.7808,0.7461,0.817,0.637,0.573,0.244,0.61,0.02,Clima: média de S-1 a S-8,100,0.0066,-0.0031,0.0164
3,0.7418,0.7088,0.7791,0.632,0.515,0.35,0.619,0.033,Clima: média de S-1 a S-8,100,0.0002,-0.0105,0.0115
4,0.7242,0.6932,0.7579,0.635,0.475,0.417,0.622,0.046,Clima: média de S-1 a S-8,100,-0.0039,-0.0145,0.0072
