Municipios_treino,Sorteio,h,Razao_MAE,Assintota_a,b,c,Razao_prevista_100,Razao_prevista_200
10,1,1,0.8932,0.8285,0.506,0.8199,0.8401,0.8351
10,1,2,0.8538,0.7564,0.5892,0.7679,0.7735,0.7664
10,1,3,0.8284,0.7253,0.646,0.8027,0.7413,0.7345
10,1,4,0.8036,0.7015,0.4505,0.639,0.7253,0.7168
10,2,1,0.9092,0.8285,0.506,0.8199,0.8401,0.8351
10,2,2,0.8515,0.7564,0.5892,0.7679,0.7735,0.7664
10,2,3,0.8193,0.7253,0.646,0.8027,0.7413,0.7345
10,2,4,0.791,0.7015,0.4505,0.639,0.7253,0.7168
10,3,1,0.9145,0.8285,0.506,0.8199,0.8401,0.8351
10,3,2,0.867,0.7564,0.5892,0.7679,0.7735,0.7664
10,3,3,0.836,0.7253,0.646,0.8027,0.7413,0.7345
10,3,4,0.8222,0.7015,0.4505,0.639,0.7253,0.7168
20,1,1,0.869,0.8285,0.506,0.8199,0.8401,0.8351
20,1,2,0.822,0.7564,0.5892,0.7679,0.7735,0.7664
20,1,3,0.7824,0.7253,0.646,0.8027,0.7413,0.7345
20,1,4,0.773,0.7015,0.4505,0.639,0.7253,0.7168
20,2,1,0.8667,0.8285,0.506,0.8199,0.8401,0.8351
20,2,2,0.8012,0.7564,0.5892,0.7679,0.7735,0.7664
20,2,3,0.766,0.7253,0.646,0.8027,0.7413,0.7345
20,2,4,0.7479,0.7015,0.4505,0.639,0.7253,0.7168
20,3,1,0.8737,0.8285,0.506,0.8199,0.8401,0.8351
20,3,2,0.8169,0.7564,0.5892,0.7679,0.7735,0.7664
20,3,3,0.7908,0.7253,0.646,0.8027,0.7413,0.7345
20,3,4,0.7754,0.7015,0.4505,0.639,0.7253,0.7168
40,1,1,0.8539,0.8285,0.506,0.8199,0.8401,0.8351
40,1,2,0.7944,0.7564,0.5892,0.7679,0.7735,0.7664
40,1,3,0.7651,0.7253,0.646,0.8027,0.7413,0.7345
40,1,4,0.7492,0.7015,0.4505,0.639,0.7253,0.7168
40,2,1,0.8543,0.8285,0.506,0.8199,0.8401,0.8351
40,2,2,0.7885,0.7564,0.5892,0.7679,0.7735,0.7664
40,2,3,0.7555,0.7253,0.646,0.8027,0.7413,0.7345
40,2,4,0.7374,0.7015,0.4505,0.639,0.7253,0.7168
40,3,1,0.8598,0.8285,0.506,0.8199,0.8401,0.8351
40,3,2,0.796,0.7564,0.5892,0.7679,0.7735,0.7664
40,3,3,0.7705,0.7253,0.646,0.8027,0.7413,0.7345
40,3,4,0.7563,0.7015,0.4505,0.639,0.7253,0.7168
60,1,1,0.8442,0.8285,0.506,0.8199,0.8401,0.8351
60,1,2,0.7778,0.7564,0.5892,0.7679,0.7735,0.7664
60,1,3,0.745,0.7253,0.646,0.8027,0.7413,0.7345
60,1,4,0.7299,0.7015,0.4505,0.639,0.7253,0.7168
60,2,1,0.8453,0.8285,0.506,0.8199,0.8401,0.8351
60,2,2,0.7817,0.7564,0.5892,0.7679,0.7735,0.7664
60,2,3,0.7496,0.7253,0.646,0.8027,0.7413,0.7345
60,2,4,0.731,0.7015,0.4505,0.639,0.7253,0.7168
60,3,1,0.8509,0.8285,0.506,0.8199,0.8401,0.8351
60,3,2,0.793,0.7564,0.5892,0.7679,0.7735,0.7664
60,3,3,0.7583,0.7253,0.646,0.8027,0.7413,0.7345
60,3,4,0.7421,0.7015,0.4505,0.639,0.7253,0.7168
80,1,1,0.8406,0.8285,0.506,0.8199,0.8401,0.8351
80,1,2,0.774,0.7564,0.5892,0.7679,0.7735,0.7664
80,1,3,0.7409,0.7253,0.646,0.8027,0.7413,0.7345
80,1,4,0.7275,0.7015,0.4505,0.639,0.7253,0.7168
