num_leaves,min_child_samples,n_estimators,learning_rate,acerto_balanceado_medio,acerto_medio,razao_mae_media
63,100,400,0.05,0.5095,0.6653,0.84
15,100,400,0.05,0.5092,0.6707,0.8185
15,400,400,0.05,0.508,0.6696,0.8175
15,20,400,0.05,0.5077,0.6699,0.8165
31,100,400,0.05,0.5074,0.6673,0.8294
63,400,400,0.05,0.5073,0.6653,0.8282
31,400,400,0.05,0.5069,0.6669,0.8239
31,20,400,0.05,0.5067,0.6676,0.8302
63,100,150,0.05,0.5067,0.6683,0.8207
63,20,150,0.05,0.5058,0.6692,0.8213
31,400,150,0.05,0.5057,0.6692,0.818
15,400,150,0.05,0.5056,0.6703,0.8155
63,20,400,0.05,0.5054,0.6638,0.8442
63,400,150,0.05,0.5052,0.668,0.8189
31,100,150,0.05,0.5048,0.6695,0.8174
31,20,150,0.05,0.5047,0.6706,0.8166
15,100,150,0.05,0.5046,0.6709,0.815
15,20,150,0.05,0.503,0.6708,0.8143
