data_iniSE,tmin,tmed,tmax,precipitacao,umidade
2010-01-03,22.71,26.59,31.13,37.6,76.14
2010-01-10,22.16,24.77,28.67,45.1,83.86
2010-01-17,22.01,25.49,30.14,62.2,79.57
2010-01-24,21.59,24.16,27.83,95.7,85.71
2010-01-31,23.06,27.7,32.86,3.1,69.0
2010-02-07,21.74,25.76,31.03,66.2,78.29
2010-02-14,22.91,26.07,30.59,32.0,77.29
2010-02-21,22.17,26.46,31.63,30.9,75.71
2010-02-28,21.27,24.54,28.84,42.7,85.29
2010-03-07,21.36,26.77,32.53,3.2,69.29
2010-03-14,22.0,25.83,30.84,48.7,78.43
2010-03-21,22.14,25.49,30.04,51.0,83.0
2010-03-28,21.7,24.41,28.27,76.7,86.29
2010-04-04,16.33,20.86,25.81,7.5,75.29
2010-04-11,18.2,23.2,28.96,0.0,64.57
2010-04-18,20.64,26.07,31.91,0.3,67.71
2010-04-25,20.26,24.87,30.61,1.2,68.43
2010-05-02,18.61,24.0,30.03,0.0,65.57
2010-05-09,13.27,18.17,24.36,8.2,68.71
2010-05-16,14.14,19.37,25.76,6.1,68.43
2010-05-23,16.81,21.84,28.46,0.0,68.14
2010-05-30,15.29,19.69,25.03,10.1,71.71
2010-06-06,12.89,18.21,25.36,0.0,66.57
2010-06-13,14.57,20.67,28.4,0.0,57.14
2010-06-20,17.8,22.94,30.07,0.0,56.86
2010-06-27,15.54,20.97,28.01,0.0,53.0
2010-07-04,16.43,22.23,29.09,0.0,49.43
2010-07-11,16.21,20.84,26.51,18.6,70.71
2010-07-18,17.86,23.4,30.16,0.0,58.43
2010-07-25,17.87,23.03,29.33,0.0,47.71
2010-08-01,14.8,20.96,28.79,0.0,57.57
2010-08-08,16.74,22.89,30.1,0.0,47.0
2010-08-15,13.61,19.76,27.29,0.0,42.57
2010-08-22,17.7,25.3,33.6,0.0,31.86
2010-08-29,19.97,26.69,33.91,0.0,34.0
2010-09-05,18.03,24.03,31.06,0.3,50.86
2010-09-12,20.43,26.77,34.2,0.0,40.71
2010-09-19,20.51,26.76,33.83,2.7,46.71
2010-09-26,20.34,23.4,28.1,48.1,75.0
2010-10-03,18.23,23.46,29.36,51.7,74.14
2010-10-10,17.34,23.01,29.54,9.1,67.29
2010-10-17,18.74,24.54,30.8,16.6,67.14
2010-10-24,19.69,25.81,32.09,23.4,62.29
2010-10-31,20.31,24.79,30.31,45.3,69.71
2010-11-07,19.5,25.01,31.2,30.3,68.86
2010-11-14,19.27,24.24,30.07,27.8,69.57
2010-11-21,21.61,26.37,32.23,70.6,74.71
2010-11-28,22.59,26.56,31.61,52.5,76.0
2010-12-05,22.79,27.33,32.91,20.3,73.0
2010-12-12,21.37,24.16,28.2,82.7,83.0
2010-12-19,21.76,25.36,30.59,51.6,78.14
2010-12-26,21.23,25.36,30.39,45.2,76.57
2011-01-02,21.77,24.5,28.86,88.4,84.29
2011-01-09,21.69,24.67,29.1,69.0,86.0
2011-01-16,22.27,25.49,29.99,60.7,83.0
2011-01-23,22.39,26.93,32.41,23.2,74.71
2011-01-30,22.41,25.93,31.01,14.1,78.0
2011-02-06,22.47,26.33,31.21,22.6,77.86
2011-02-13,22.29,25.19,29.56,42.0,81.71
2011-02-20,22.41,26.31,31.5,47.6,76.0
2011-02-27,21.74,23.27,26.0,252.0,90.71
2011-03-06,21.3,23.37,27.09,205.2,90.71
2011-03-13,21.6,24.8,29.44,56.6,84.71
2011-03-20,21.09,23.53,26.91,53.5,83.0
2011-03-27,22.21,25.86,30.5,18.5,80.71
2011-04-03,20.26,24.23,29.04,17.0,77.43
2011-04-10,20.53,24.77,30.3,6.7,76.57
2011-04-17,21.19,25.86,31.43,0.0,64.57
2011-04-24,18.66,22.64,27.97,32.3,75.71
2011-05-01,17.34,22.14,27.39,0.1,73.86
2011-05-08,18.63,23.5,29.19,0.0,67.43
2011-05-15,15.67,20.33,26.24,0.2,63.86
2011-05-22,17.36,21.76,27.67,0.0,57.86
2011-05-29,13.99,19.73,26.83,0.0,60.0
2011-06-05,14.66,18.94,25.01,38.7,71.29
2011-06-12,14.93,20.09,26.83,0.0,65.14
2011-06-19,16.41,22.14,29.27,0.0,63.86
2011-06-26,13.41,19.2,25.96,0.2,58.57
2011-07-03,14.04,19.57,26.16,0.0,63.57
2011-07-10,16.83,22.83,30.44,0.0,47.43
2011-07-17,19.16,24.26,30.7,0.0,55.14
2011-07-24,18.07,22.87,29.09,0.0,53.43
2011-07-31,13.1,18.9,25.84,7.8,58.43
2011-08-07,18.17,24.81,32.36,0.0,49.0
2011-08-14,19.06,25.2,32.11,0.0,39.71
2011-08-21,17.94,23.6,30.44,0.0,53.57
2011-08-28,17.01,23.96,31.69,0.7,43.57
2011-09-04,18.84,26.09,33.9,0.1,32.14
2011-09-11,19.39,24.83,31.36,5.1,53.86
2011-09-18,19.39,25.26,32.17,0.2,44.29
2011-09-25,19.89,27.21,34.59,0.0,43.14
2011-10-02,20.77,25.63,31.17,10.0,59.29
2011-10-09,21.73,25.11,30.31,86.3,79.86
2011-10-16,18.33,23.06,28.1,21.5,66.43
2011-10-23,20.07,25.13,30.61,17.0,72.86
2011-10-30,17.63,23.1,28.96,21.1,60.86
2011-11-06,21.21,26.09,31.49,9.3,60.43
2011-11-13,18.91,23.39,28.37,74.2,72.57
2011-11-20,19.66,25.31,31.17,27.5,64.86
2011-11-27,20.23,25.29,31.04,35.8,73.14
2011-12-04,21.29,24.93,29.57,69.9,77.86
2011-12-11,20.26,25.57,30.86,29.4,69.43
2011-12-18,22.07,26.47,31.81,17.1,71.71
2011-12-25,21.99,25.46,30.26,101.7,78.71
2012-01-01,21.09,24.97,29.59,67.1,80.0
2012-01-08,20.17,22.69,26.13,115.0,83.71
2012-01-15,21.11,23.7,27.31,69.1,84.43
2012-01-22,21.46,24.21,28.41,58.6,83.14
2012-01-29,20.19,25.7,31.29,2.3,66.29
2012-02-05,22.96,27.61,32.76,22.3,66.14
2012-02-12,21.2,25.24,30.47,40.0,77.29
2012-02-19,22.14,25.4,30.2,33.7,80.29
2012-02-26,22.61,26.99,32.07,26.1,75.86
2012-03-04,21.71,26.49,31.7,5.7,64.14
2012-03-11,21.14,25.01,30.07,53.0,80.57
2012-03-18,20.61,24.64,29.54,38.5,79.71
2012-03-25,20.27,24.81,30.07,14.3,77.57
2012-04-01,20.5,25.87,31.91,2.5,69.29
2012-04-08,21.41,25.47,30.44,5.9,71.0
2012-04-15,21.2,25.06,29.66,12.7,73.57
2012-04-22,19.34,23.26,28.2,13.6,77.57
2012-04-29,14.77,19.46,24.77,29.7,74.0
2012-05-06,18.16,22.29,27.63,9.7,67.29
2012-05-13,16.93,19.9,24.4,27.5,79.14
2012-05-20,17.39,21.07,26.27,27.6,74.86
2012-05-27,18.4,22.64,28.19,1.2,77.43
2012-06-03,17.73,20.69,24.81,55.3,84.29
2012-06-10,18.06,22.39,27.81,2.2,75.71
2012-06-17,17.19,20.67,25.06,53.3,76.29
2012-06-24,16.2,20.96,27.0,0.1,72.43
2012-07-01,17.64,22.16,28.37,0.0,63.71
2012-07-08,14.31,18.84,24.69,3.1,68.29
2012-07-15,11.2,16.94,24.13,4.8,69.57
2012-07-22,19.53,25.31,32.04,0.0,44.71
2012-07-29,17.86,23.6,29.97,0.0,48.29
2012-08-05,17.83,23.44,30.0,0.0,48.0
2012-08-12,18.83,23.74,29.29,0.0,45.29
2012-08-19,18.91,23.9,29.63,0.0,42.86
2012-08-26,17.46,23.2,30.39,0.1,45.14
2012-09-02,19.17,26.43,34.14,0.0,36.71
2012-09-09,21.16,28.37,36.1,0.0,36.29
2012-09-16,21.41,26.0,31.84,54.5,57.29
2012-09-23,15.26,20.96,27.37,18.8,64.29
2012-09-30,20.61,27.27,33.96,0.3,46.29
2012-10-07,21.46,26.29,32.14,8.9,53.14
2012-10-14,20.44,25.57,31.69,33.6,64.29
2012-10-21,23.07,28.4,34.9,17.5,63.86
2012-10-28,24.43,29.53,36.07,17.4,52.14
2012-11-04,21.5,25.51,30.3,41.8,68.29
2012-11-11,20.56,25.23,30.71,30.6,70.0
2012-11-18,21.7,26.93,32.47,22.4,62.0
2012-11-25,22.66,26.96,32.0,30.2,69.0
2012-12-02,23.5,28.34,33.69,9.5,62.57
2012-12-09,23.27,26.39,31.94,121.1,77.57
2012-12-16,22.66,26.2,30.8,57.9,77.57
2012-12-23,23.0,27.3,32.29,19.6,72.71
2012-12-30,22.11,26.07,31.47,52.1,77.57
2013-01-06,21.9,24.99,29.54,54.6,78.43
2013-01-13,20.39,24.1,28.63,28.8,78.0
2013-01-20,21.93,25.8,30.73,55.2,74.14
2013-01-27,22.33,25.24,29.26,54.8,81.71
2013-02-03,20.76,23.44,27.31,76.3,85.0
2013-02-10,22.1,26.39,31.47,11.6,77.71
2013-02-17,21.76,25.56,30.83,46.3,79.14
2013-02-24,21.21,25.14,29.93,43.1,81.43
2013-03-03,22.67,27.0,32.69,29.1,78.71
2013-03-10,22.84,26.11,30.99,48.6,83.71
2013-03-17,20.76,23.39,27.27,44.3,82.14
2013-03-24,19.93,23.64,28.4,32.9,80.57
2013-03-31,21.67,24.56,28.96,67.9,84.71
2013-04-07,21.19,23.93,28.17,43.9,85.43
2013-04-14,17.23,21.69,27.46,2.2,73.14
2013-04-21,17.47,22.21,27.6,0.0,66.43
2013-04-28,19.0,24.14,29.99,0.0,66.71
2013-05-05,15.4,20.83,27.14,0.0,62.29
2013-05-12,18.76,23.4,29.21,0.0,65.57
2013-05-19,18.54,22.6,27.14,1.3,71.86
2013-05-26,18.03,21.29,26.0,81.4,79.86
2013-06-02,17.46,20.93,25.74,19.8,81.29
2013-06-09,17.57,21.9,27.36,1.5,76.14
2013-06-16,18.26,21.96,26.94,10.2,76.43
2013-06-23,18.37,21.57,26.19,6.4,81.14
2013-06-30,17.56,21.56,27.51,6.1,73.29
2013-07-07,16.37,21.11,27.36,0.0,63.86
2013-07-14,17.19,22.3,28.87,0.0,64.43
2013-07-21,12.17,16.16,21.46,6.5,68.86
2013-07-28,14.16,20.96,29.17,0.0,50.71
2013-08-04,17.07,23.66,31.14,0.0,45.57
2013-08-11,12.4,18.81,25.99,0.7,55.14
2013-08-18,18.16,23.9,31.01,0.0,48.86
2013-08-25,13.66,20.16,27.64,1.7,51.14
2013-09-01,17.84,23.44,30.3,1.8,53.43
2013-09-08,19.43,26.11,32.9,0.0,37.71
2013-09-15,20.69,25.84,32.51,15.0,58.14
2013-09-22,17.29,23.17,29.99,10.9,54.71
2013-09-29,19.19,22.24,26.5,67.5,83.57
2013-10-06,17.53,22.61,28.01,1.7,59.29
2013-10-13,20.6,25.09,30.41,35.5,66.86
2013-10-20,22.37,28.07,34.6,1.4,57.71
2013-10-27,21.24,26.99,33.93,6.5,57.14
2013-11-03,20.23,23.86,28.69,67.4,76.57
2013-11-10,22.83,27.56,33.49,13.8,62.14
2013-11-17,21.49,25.59,31.23,40.6,72.0
2013-11-24,21.26,25.29,30.03,45.3,77.0
2013-12-01,22.8,26.91,32.29,28.4,76.14
2013-12-08,21.84,25.66,29.8,50.8,80.0
2013-12-15,21.6,26.5,31.9,15.9,66.86
2013-12-22,22.77,26.07,30.54,57.5,76.57
2013-12-29,23.4,27.16,31.99,19.6,75.86
2014-01-05,22.97,28.23,34.26,8.6,58.57
2014-01-12,22.56,26.16,31.67,29.6,71.14
2014-01-19,22.03,26.99,32.76,24.6,66.57
2014-01-26,22.2,28.26,34.26,5.2,51.29
2014-02-02,23.69,30.01,35.8,0.1,39.86
2014-02-09,22.76,27.11,32.67,50.0,60.29
2014-02-16,21.81,25.3,29.87,36.6,76.43
2014-02-23,21.63,25.07,29.79,49.4,81.43
2014-03-02,21.24,24.86,29.44,53.0,81.57
2014-03-09,22.07,25.8,31.26,36.0,77.29
2014-03-16,22.0,26.1,31.71,15.9,74.57
2014-03-23,20.97,25.24,30.69,10.4,69.57
2014-03-30,21.8,25.69,30.57,30.8,78.0
2014-04-06,22.04,26.14,31.49,28.9,76.0
2014-04-13,20.46,24.27,29.3,40.6,81.29
2014-04-20,19.96,23.06,27.1,9.2,77.86
2014-04-27,16.83,21.81,27.8,0.0,62.71
2014-05-04,18.33,23.46,29.4,0.0,61.71
2014-05-11,17.31,22.36,28.9,0.0,58.29
2014-05-18,18.7,22.73,27.94,18.5,70.29
2014-05-25,13.4,18.39,24.24,2.7,77.29
2014-06-01,16.43,21.14,27.27,3.1,69.0
2014-06-08,19.03,23.64,29.16,0.0,58.57
2014-06-15,16.64,21.97,28.43,0.0,60.86
2014-06-22,17.36,22.93,29.71,0.0,56.71
2014-06-29,16.86,22.01,28.41,0.0,55.57
2014-07-06,17.36,21.67,28.11,4.2,59.71
2014-07-13,16.47,21.69,28.2,0.5,54.14
2014-07-20,14.43,19.67,25.31,28.6,59.14
2014-07-27,15.71,20.39,26.46,15.4,70.43
2014-08-03,16.96,23.44,30.83,0.0,49.71
2014-08-10,17.5,23.76,30.63,0.0,45.0
2014-08-17,18.89,25.34,32.23,0.0,39.29
2014-08-24,18.66,25.44,32.74,0.4,36.57
2014-08-31,19.29,25.04,32.01,8.1,52.0
2014-09-07,20.04,26.41,33.33,0.0,36.71
2014-09-14,21.17,26.93,33.89,10.8,46.57
2014-09-21,19.5,24.23,30.49,25.3,67.57
2014-09-28,20.16,25.03,31.54,3.6,61.0
2014-10-05,19.26,26.1,33.24,0.0,36.29
2014-10-12,23.71,31.6,39.21,0.0,31.14
2014-10-19,21.56,25.94,31.3,47.1,62.57
2014-10-26,20.24,25.63,31.56,14.8,64.57
2014-11-02,21.64,25.39,30.71,60.4,79.14
2014-11-09,20.63,25.59,31.26,20.8,68.14
2014-11-16,21.06,26.11,31.66,5.8,59.43
2014-11-23,21.73,24.23,28.59,114.0,85.57
2014-11-30,20.94,24.27,28.86,59.4,79.71
2014-12-07,21.06,23.61,27.49,108.6,85.0
2014-12-14,21.63,26.13,31.33,36.6,75.86
2014-12-21,22.23,26.0,30.34,65.7,78.57
2014-12-28,23.17,27.61,33.01,15.6,72.0
2015-01-04,22.5,26.73,31.59,18.8,75.14
2015-01-11,24.17,29.07,34.66,3.1,62.0
2015-01-18,22.54,27.66,33.47,41.5,67.57
2015-01-25,22.16,25.81,30.33,20.7,76.71
2015-02-01,21.16,25.5,31.39,49.3,79.29
2015-02-08,22.53,25.76,31.03,55.3,81.43
2015-02-15,21.7,24.47,28.56,72.6,85.0
2015-02-22,21.63,26.1,31.59,27.2,74.71
2015-03-01,22.17,25.74,30.24,36.3,80.0
2015-03-08,21.26,23.74,27.9,79.9,87.29
2015-03-15,20.29,22.86,26.66,85.9,86.43
2015-03-22,20.87,24.79,30.2,18.6,80.29
2015-03-29,21.79,25.11,29.61,32.1,81.43
2015-04-05,19.53,23.67,28.77,14.0,77.57
2015-04-12,20.93,24.86,30.21,12.1,79.0
2015-04-19,21.93,25.51,30.7,30.8,81.57
2015-04-26,17.29,22.39,28.6,0.4,71.43
2015-05-03,18.36,22.17,27.14,26.7,79.29
2015-05-10,17.04,20.41,25.17,44.8,80.14
2015-05-17,18.26,21.34,25.59,13.7,80.14
2015-05-24,17.69,21.77,27.03,8.5,79.43
2015-05-31,17.7,21.04,25.77,32.0,83.57
2015-06-07,18.56,23.21,29.21,0.0,68.43
2015-06-14,17.44,21.7,27.2,2.9,75.0
2015-06-21,16.84,20.33,25.44,0.0,68.71
2015-06-28,16.66,20.26,25.3,3.0,73.0
2015-07-05,16.74,19.67,23.54,47.7,84.29
2015-07-12,18.73,22.97,28.57,0.0,69.29
2015-07-19,17.27,21.57,27.36,0.1,71.71
2015-07-26,16.79,22.37,29.0,0.1,61.57
2015-08-02,17.66,23.47,30.59,0.0,51.86
2015-08-09,17.86,22.83,28.87,0.0,53.29
2015-08-16,17.07,22.53,29.37,0.0,53.14
2015-08-23,16.73,22.53,29.63,7.9,60.71
2015-08-30,19.26,25.84,33.49,0.0,52.29
2015-09-06,19.19,22.17,26.37,113.4,80.43
2015-09-13,20.31,26.29,33.1,3.8,60.86
2015-09-20,22.0,28.06,35.63,0.6,48.29
2015-09-27,21.4,25.93,31.03,8.4,66.29
2015-10-04,21.69,27.01,32.97,9.3,60.71
2015-10-11,21.97,28.36,35.4,1.2,54.43
2015-10-18,23.19,28.99,36.53,12.3,54.29
2015-10-25,21.89,25.74,31.1,54.8,75.0
2015-11-01,21.47,24.94,30.0,91.4,82.43
2015-11-08,23.23,27.96,33.89,6.0,67.71
2015-11-15,22.6,26.13,31.16,47.7,77.43
2015-11-22,21.36,25.17,30.21,44.2,80.0
2015-11-29,22.27,25.96,31.2,48.7,79.71
2015-12-06,22.17,25.31,29.9,88.1,81.43
2015-12-13,22.76,26.53,31.64,21.7,73.86
2015-12-20,23.26,27.27,32.69,27.7,71.29
2015-12-27,22.34,24.69,28.73,116.3,85.14
2016-01-03,22.73,25.5,29.7,94.0,84.71
2016-01-10,22.59,24.41,27.76,226.9,90.29
2016-01-17,21.49,25.83,30.56,3.3,69.0
2016-01-24,22.76,26.23,30.99,52.2,81.14
2016-01-31,23.0,27.51,32.76,21.2,70.57
2016-02-07,22.66,26.73,31.6,48.9,80.0
2016-02-14,23.66,26.83,31.43,26.0,79.14
2016-02-21,22.49,25.21,29.51,74.7,83.29
2016-02-28,21.47,24.43,28.94,114.9,86.14
2016-03-06,21.94,25.99,31.3,47.9,79.71
2016-03-13,21.94,26.09,31.41,21.2,75.71
2016-03-20,21.87,26.13,31.29,42.2,76.71
2016-03-27,22.41,27.04,32.24,6.4,74.43
2016-04-03,22.31,28.01,33.93,0.0,62.14
2016-04-10,22.27,27.77,33.79,0.0,57.0
2016-04-17,21.91,27.24,33.1,0.0,54.86
2016-04-24,16.43,20.31,25.1,21.2,70.29
2016-05-01,14.56,21.64,29.13,0.0,58.71
2016-05-08,19.04,23.11,28.3,7.7,70.0
2016-05-15,19.44,23.01,27.89,14.6,76.86
2016-05-22,15.77,20.51,26.53,0.8,72.29
2016-05-29,17.96,20.37,23.81,77.0,89.14
2016-06-05,15.33,19.04,23.46,35.7,77.43
2016-06-12,12.57,18.46,25.73,0.0,67.71
2016-06-19,15.39,20.73,27.47,5.9,74.0
2016-06-26,16.77,21.33,26.87,0.0,59.43
2016-07-03,15.89,21.17,28.21,0.0,55.29
2016-07-10,18.39,24.3,31.93,2.5,49.57
2016-07-17,11.06,17.61,25.64,0.0,56.14
2016-07-24,18.27,23.83,30.54,0.0,47.71
2016-07-31,18.34,23.59,30.06,0.0,48.86
2016-08-07,15.43,21.26,28.74,6.8,53.71
2016-08-14,19.36,25.11,32.94,3.3,52.29
2016-08-21,15.24,21.14,27.94,20.1,58.43
2016-08-28,18.66,23.34,28.93,20.9,65.29
2016-09-04,16.61,21.17,26.69,15.2,70.29
2016-09-11,19.69,25.84,33.19,0.0,44.14
2016-09-18,18.09,24.94,32.63,0.5,48.57
2016-09-25,16.94,24.36,32.11,0.0,44.0
2016-10-02,18.04,23.23,29.39,9.4,58.0
2016-10-09,20.31,25.9,32.43,22.6,60.57
2016-10-16,23.91,28.6,34.21,33.1,62.14
2016-10-23,20.3,24.96,30.63,11.2,66.71
2016-10-30,20.54,25.01,30.83,20.7,70.14
2016-11-06,21.71,26.46,32.17,20.6,63.86
2016-11-13,19.41,23.71,28.59,36.4,72.57
2016-11-20,20.8,25.94,31.77,8.7,64.43
2016-11-27,21.63,25.59,30.4,58.7,75.86
2016-12-04,21.99,25.61,30.86,59.0,80.43
2016-12-11,21.44,25.04,29.69,71.7,79.0
2016-12-18,21.43,25.44,30.34,30.8,74.14
2016-12-25,22.91,26.94,31.97,26.9,73.0
2017-01-01,22.97,27.06,32.34,9.2,71.86
2017-01-08,22.24,25.01,29.13,84.7,82.71
2017-01-15,21.41,23.31,26.49,100.4,88.57
2017-01-22,21.54,24.31,28.47,68.4,85.0
2017-01-29,21.89,25.46,30.51,30.5,77.57
2017-02-05,22.64,27.07,32.24,13.7,74.0
2017-02-12,22.81,26.77,31.2,14.5,71.71
2017-02-19,22.1,26.51,32.1,21.3,71.43
2017-02-26,22.31,25.37,30.1,39.4,81.0
2017-03-05,22.83,26.49,31.36,38.2,79.86
2017-03-12,22.27,26.69,31.94,8.7,69.57
2017-03-19,20.77,25.51,30.77,24.6,68.86
2017-03-26,19.67,24.43,29.91,8.6,65.29
2017-04-02,21.0,25.0,29.8,41.5,72.43
2017-04-09,21.76,25.94,31.19,8.6,73.29
2017-04-16,19.99,23.76,28.69,20.2,74.43
2017-04-23,18.14,22.44,27.37,32.9,78.43
2017-04-30,18.81,23.03,28.33,13.8,76.14
2017-05-07,17.24,22.74,29.16,0.0,68.43
2017-05-14,19.67,22.21,25.73,49.8,85.71
2017-05-21,20.33,23.86,28.63,15.9,80.0
2017-05-28,16.89,21.14,26.44,0.4,74.43
2017-06-04,17.6,22.17,27.91,4.3,71.71
2017-06-11,15.43,20.27,26.13,4.8,69.29
2017-06-18,16.5,21.34,27.33,0.0,62.43
2017-06-25,17.11,21.66,27.07,0.0,56.86
2017-07-02,14.76,19.0,24.2,0.0,54.57
2017-07-09,16.69,21.56,27.54,0.0,54.86
2017-07-16,13.97,19.2,25.76,0.0,59.71
2017-07-23,15.86,21.23,27.43,0.0,49.14
2017-07-30,14.96,19.99,25.93,0.0,55.71
2017-08-06,16.74,23.87,31.97,0.0,49.14
2017-08-13,18.86,22.03,26.69,29.9,73.29
2017-08-20,17.14,22.16,27.93,23.3,64.0
2017-08-27,18.67,25.21,32.63,0.0,47.43
2017-09-03,18.63,24.87,32.03,0.0,37.14
2017-09-10,20.73,27.3,33.97,0.0,35.14
2017-09-17,20.53,26.71,33.17,0.1,38.29
2017-09-24,19.99,25.36,31.13,4.8,51.14
2017-10-01,19.31,24.11,29.91,13.2,63.71
2017-10-08,23.57,30.03,36.71,0.1,42.29
2017-10-15,22.66,28.56,35.17,1.4,47.0
2017-10-22,19.86,24.5,30.81,44.6,73.43
2017-10-29,20.74,24.61,29.64,43.6,74.71
2017-11-05,20.9,24.44,29.43,53.4,79.14
2017-11-12,20.54,25.99,31.51,25.2,61.14
2017-11-19,21.51,25.29,30.3,79.3,78.57
2017-11-26,20.56,23.86,28.04,78.5,81.57
2017-12-03,22.0,25.74,30.21,53.7,82.29
2017-12-10,22.04,26.67,31.83,8.4,68.86
2017-12-17,22.07,25.67,30.0,12.6,75.71
2017-12-24,22.6,26.23,31.34,22.5,73.71
2017-12-31,21.46,24.41,28.41,118.2,85.71
2018-01-07,20.9,23.71,27.77,49.7,83.43
2018-01-14,22.17,26.16,31.11,36.0,77.43
2018-01-21,22.84,27.44,32.41,4.2,67.57
2018-01-28,21.67,25.77,30.56,34.2,75.57
2018-02-04,21.53,25.71,30.61,13.6,72.71
2018-02-11,21.71,25.7,30.53,32.7,77.71
2018-02-18,21.49,25.36,30.27,19.2,75.57
2018-02-25,22.13,25.5,29.99,63.4,82.43
2018-03-04,23.23,26.91,31.7,20.3,78.43
2018-03-11,23.39,27.69,33.0,11.0,75.14
2018-03-18,23.27,27.57,32.57,7.3,72.0
2018-03-25,21.94,25.71,30.59,24.3,69.57
2018-04-01,20.93,24.71,29.79,32.6,75.14
2018-04-08,20.96,25.79,31.24,2.2,60.43
2018-04-15,20.46,24.11,28.69,0.9,59.29
2018-04-22,19.59,25.24,31.26,0.2,56.43
2018-04-29,20.54,25.84,31.91,0.0,52.29
2018-05-06,20.11,24.63,29.74,0.2,58.43
2018-05-13,19.83,23.9,29.07,9.2,66.86
2018-05-20,13.01,19.27,26.46,0.4,60.29
2018-05-27,17.11,22.6,28.56,0.0,51.86
2018-06-03,17.97,21.83,27.27,0.8,69.14
2018-06-10,19.77,23.77,29.34,0.5,66.57
2018-06-17,18.01,22.93,28.76,0.0,58.0
2018-06-24,18.84,24.51,30.93,0.0,44.57
2018-07-01,18.44,24.04,30.71,0.0,45.43
2018-07-08,14.39,19.97,27.06,1.8,48.14
2018-07-15,18.17,24.0,30.84,0.0,46.29
2018-07-22,17.93,23.39,29.84,0.0,46.71
2018-07-29,18.14,22.87,29.49,4.5,58.71
2018-08-05,14.76,19.54,25.29,5.2,69.14
2018-08-12,15.11,22.24,30.27,0.0,49.86
2018-08-19,19.9,24.97,31.27,13.3,48.43
2018-08-26,18.64,24.5,31.01,0.0,50.14
2018-09-02,15.59,21.9,28.69,2.4,50.14
2018-09-09,19.44,25.61,32.37,6.5,45.14
2018-09-16,19.27,23.5,28.44,43.4,76.57
2018-09-23,22.1,27.71,34.19,2.0,56.86
2018-09-30,21.11,26.0,31.41,21.1,68.29
2018-10-07,21.66,25.4,30.1,52.2,79.0
2018-10-14,22.21,26.43,31.73,17.2,71.86
2018-10-21,20.8,24.86,29.26,87.9,75.29
2018-10-28,20.61,26.01,31.89,15.6,69.57
2018-11-04,20.11,22.73,26.21,59.7,84.43
2018-11-11,22.4,26.5,31.46,27.0,76.29
2018-11-18,20.77,23.69,27.56,80.8,84.14
2018-11-25,21.47,25.39,29.57,44.9,75.29
2018-12-02,21.31,26.37,31.4,3.9,68.29
2018-12-09,21.31,26.49,31.83,4.7,67.57
2018-12-16,23.61,28.36,33.6,7.1,65.14
2018-12-23,22.3,25.16,29.97,79.8,82.43
2018-12-30,22.94,25.9,30.04,44.4,82.14
2019-01-06,23.1,27.2,31.69,11.7,70.57
2019-01-13,22.7,27.1,32.54,15.2,74.57
2019-01-20,23.47,27.8,33.27,19.3,70.0
2019-01-27,23.41,28.29,33.77,2.5,60.86
2019-02-03,22.04,26.54,32.51,15.6,67.71
2019-02-10,22.29,25.2,29.57,152.1,83.0
2019-02-17,21.37,25.14,29.76,39.7,82.57
2019-02-24,21.83,24.63,29.1,137.9,87.0
2019-03-03,21.76,25.14,29.31,28.9,82.71
2019-03-10,22.09,25.57,30.44,37.2,81.43
2019-03-17,21.06,24.96,29.3,56.1,81.43
2019-03-24,20.93,25.91,31.03,0.7,69.29
2019-03-31,21.74,26.11,31.37,17.9,70.71
2019-04-07,20.57,24.2,28.97,30.6,81.71
2019-04-14,20.37,24.71,30.04,6.1,75.14
2019-04-21,21.29,25.66,30.71,1.1,71.29
2019-04-28,21.14,24.77,29.66,12.1,74.43
2019-05-05,21.44,25.39,30.3,7.0,76.14
2019-05-12,18.79,22.5,27.41,4.0,77.14
2019-05-19,15.23,20.8,26.77,0.2,67.43
2019-05-26,17.81,23.24,30.26,0.0,62.57
2019-06-02,15.79,20.31,26.33,2.9,64.29
2019-06-09,17.5,22.69,28.46,0.0,57.0
2019-06-16,17.5,22.49,28.41,0.0,56.57
2019-06-23,17.81,22.99,29.03,1.8,56.86
2019-06-30,16.34,20.94,26.34,25.9,60.29
2019-07-07,12.46,18.71,26.27,0.0,56.86
2019-07-14,15.74,20.66,26.96,0.0,55.14
2019-07-21,17.91,22.89,28.73,0.0,51.14
2019-07-28,17.54,22.73,28.93,0.5,49.14
2019-08-04,15.89,20.54,25.97,25.5,69.57
2019-08-11,17.53,23.61,30.47,0.0,51.29
2019-08-18,17.16,22.56,29.03,1.0,55.86
2019-08-25,18.79,24.96,31.81,0.0,44.57
2019-09-01,19.94,25.6,32.79,4.6,59.71
2019-09-08,22.94,29.23,36.73,0.0,39.29
2019-09-15,23.24,29.17,36.0,2.9,39.14
2019-09-22,18.03,23.07,29.3,34.5,68.0
2019-09-29,20.47,27.59,34.79,0.0,46.0
2019-10-06,21.03,25.93,31.21,11.7,63.43
2019-10-13,23.26,29.34,35.54,0.5,46.57
2019-10-20,20.37,25.89,32.17,16.2,61.86
2019-10-27,22.56,27.81,33.9,3.6,58.43
2019-11-03,22.37,27.07,33.09,33.5,64.57
2019-11-10,21.43,25.8,31.94,21.4,69.57
2019-11-17,20.79,26.73,33.53,6.0,56.86
2019-11-24,21.06,25.07,30.09,87.9,75.0
2019-12-01,21.44,25.0,29.79,48.5,79.57
2019-12-08,21.29,24.63,29.16,72.3,80.71
2019-12-15,21.43,25.01,29.77,22.2,76.57
2019-12-22,20.84,25.61,30.97,21.6,75.29
2019-12-29,22.04,26.0,31.17,57.3,74.71
2020-01-05,21.94,25.27,29.9,73.1,82.0
2020-01-12,22.51,26.89,32.27,14.2,73.14
2020-01-19,21.37,25.27,30.14,69.9,78.43
2020-01-26,21.33,25.79,31.16,29.4,72.29
2020-02-02,21.64,24.87,29.56,65.1,80.43
2020-02-09,21.14,24.66,29.29,49.1,78.57
2020-02-16,22.3,25.63,30.29,97.9,80.86
2020-02-23,21.06,23.9,27.83,55.1,83.86
2020-03-01,18.47,23.77,29.94,3.3,69.29
2020-03-08,19.7,25.81,32.23,0.7,63.29
2020-03-15,22.07,25.93,31.59,26.0,75.14
2020-03-22,19.2,24.3,29.96,4.1,65.57
2020-03-29,20.13,25.06,30.86,16.0,72.57
2020-04-05,18.14,23.87,30.6,3.4,63.86
2020-04-12,17.03,22.53,28.56,11.1,67.71
2020-04-19,17.99,23.67,30.23,1.3,62.14
2020-04-26,16.81,22.81,30.1,0.0,58.14
2020-05-03,15.13,21.0,28.09,0.0,62.14
2020-05-10,16.23,20.99,26.9,4.8,68.57
2020-05-17,15.69,21.54,28.27,9.6,62.86
2020-05-24,9.91,15.93,23.87,0.9,63.14
2020-05-31,15.44,20.74,27.31,0.9,66.57
2020-06-07,17.87,23.41,30.84,0.0,64.29
2020-06-14,15.71,21.74,28.93,0.0,60.43
2020-06-21,16.27,21.41,28.06,3.2,60.71
2020-06-28,12.67,18.63,25.57,1.2,61.86
2020-07-05,16.19,21.96,29.77,0.0,55.86
2020-07-12,16.94,23.06,30.8,0.0,54.71
2020-07-19,14.86,21.6,29.66,0.0,50.71
2020-07-26,15.4,22.19,29.99,0.0,54.0
2020-08-02,14.06,21.0,28.51,0.0,44.0
2020-08-09,17.9,24.29,32.33,0.0,43.14
2020-08-16,16.93,21.1,26.81,3.6,60.71
2020-08-23,14.21,21.87,30.5,0.0,41.86
2020-08-30,18.9,26.29,34.31,0.0,38.57
2020-09-06,19.27,27.26,35.96,0.0,31.43
2020-09-13,20.2,27.19,34.91,0.5,35.71
2020-09-20,18.71,24.8,31.24,2.3,53.29
2020-09-27,23.83,31.89,39.81,0.0,28.43
2020-10-04,23.89,30.36,37.74,0.5,40.43
2020-10-11,19.63,25.96,32.44,3.5,48.57
2020-10-18,20.93,24.69,29.37,108.9,71.71
2020-10-25,19.83,24.49,30.07,26.6,73.14
2020-11-01,15.43,22.93,30.24,0.4,50.57
2020-11-08,20.76,26.0,32.49,18.8,64.29
2020-11-15,20.0,24.91,30.5,58.9,67.14
2020-11-22,20.1,26.49,32.56,1.1,55.43
2020-11-29,21.63,26.41,32.0,19.8,63.86
2020-12-06,20.83,24.34,29.01,56.7,77.86
2020-12-13,21.63,25.83,31.47,18.9,75.0
2020-12-20,21.76,25.97,31.07,18.1,75.14
2020-12-27,20.91,24.06,28.86,115.1,81.57
2021-01-03,20.81,25.63,31.09,9.6,74.29
2021-01-10,22.07,24.89,29.3,109.1,83.29
2021-01-17,21.47,25.66,30.24,47.3,74.86
2021-01-24,21.36,25.71,31.01,6.6,73.14
2021-01-31,21.93,25.91,31.1,13.3,71.71
2021-02-07,19.51,24.19,29.09,31.1,69.43
2021-02-14,19.61,24.8,30.66,26.4,72.57
2021-02-21,20.61,25.51,30.81,46.6,71.43
2021-02-28,20.69,23.31,27.57,84.3,84.57
2021-03-07,20.04,24.89,30.6,7.9,73.71
2021-03-14,20.87,24.9,29.83,10.3,75.57
2021-03-21,21.53,26.53,32.24,0.3,65.71
2021-03-28,19.03,24.84,31.03,1.2,64.86
2021-04-04,18.69,23.81,29.34,5.8,66.43
2021-04-11,18.09,23.8,30.34,19.0,63.86
2021-04-18,15.8,21.09,27.27,7.6,70.86
2021-04-25,16.17,21.93,28.57,0.0,62.57
2021-05-02,15.8,21.91,29.0,0.0,60.57
2021-05-09,16.34,21.91,28.33,0.0,63.14
2021-05-16,15.49,21.64,29.1,3.1,59.43
2021-05-23,15.63,20.89,27.26,26.0,64.57
2021-05-30,17.0,22.23,29.26,0.0,62.86
2021-06-06,16.83,20.7,26.19,5.8,74.0
2021-06-13,13.23,19.51,27.26,0.0,61.0
2021-06-20,16.97,22.0,28.89,0.0,60.86
2021-06-27,10.14,16.21,24.04,0.0,53.43
2021-07-04,12.06,18.77,27.19,0.0,47.29
2021-07-11,14.93,21.66,29.74,0.0,43.29
2021-07-18,11.24,18.57,26.57,0.0,39.43
2021-07-25,10.13,16.99,25.06,0.1,47.43
2021-08-01,13.74,20.1,27.01,0.0,48.86
2021-08-08,15.07,22.86,31.17,0.0,43.14
2021-08-15,19.16,25.69,33.2,0.0,35.86
2021-08-22,19.7,25.24,32.09,0.4,40.57
2021-08-29,17.31,23.74,30.99,3.1,45.71
2021-09-05,20.24,26.89,34.26,3.3,43.29
2021-09-12,21.87,28.19,35.61,0.0,42.14
2021-09-19,20.31,27.76,35.76,0.1,38.0
2021-09-26,20.57,26.46,33.76,4.7,52.43
2021-10-03,21.0,26.27,33.13,5.5,63.0
2021-10-10,20.14,24.76,30.5,45.5,69.0
2021-10-17,18.3,24.46,30.74,18.0,57.29
2021-10-24,21.27,26.04,32.1,28.8,62.29
2021-10-31,20.19,25.83,31.47,39.8,60.0
2021-11-07,20.46,25.56,31.66,34.6,61.57
2021-11-14,21.0,25.2,30.33,70.2,65.29
2021-11-21,20.4,26.47,32.9,14.0,58.57
2021-11-28,21.21,26.19,31.61,32.2,67.14
2021-12-05,19.41,25.1,31.19,9.1,57.57
2021-12-12,22.53,24.93,28.5,83.4,81.0
2021-12-19,20.26,25.8,31.36,2.0,62.14
2021-12-26,20.43,24.84,30.26,51.1,72.0
2022-01-02,21.43,24.6,28.86,59.5,80.71
2022-01-09,20.84,24.96,29.8,30.0,74.71
2022-01-16,21.31,25.54,30.81,33.8,74.43
2022-01-23,21.96,26.01,30.97,67.0,76.29
2022-01-30,21.34,23.97,27.71,144.0,84.86
2022-02-06,20.69,25.07,30.11,48.7,76.0
2022-02-13,20.47,25.67,31.11,10.0,71.43
2022-02-20,21.69,26.46,31.69,17.7,71.29
2022-02-27,21.57,26.51,32.46,7.8,69.29
2022-03-06,22.51,26.97,32.73,24.2,65.14
2022-03-13,22.14,25.54,29.9,44.8,80.43
2022-03-20,20.8,24.93,30.04,11.1,72.71
2022-03-27,21.11,25.1,30.69,13.2,74.14
2022-04-03,21.79,26.69,32.74,13.9,68.43
2022-04-10,19.56,23.79,29.54,8.5,70.43
2022-04-17,18.19,23.99,30.56,0.1,55.71
2022-04-24,20.09,25.84,32.49,0.0,57.14
2022-05-01,15.7,21.46,28.26,8.1,63.57
2022-05-08,17.24,22.8,29.01,0.7,67.0
2022-05-15,10.2,14.91,20.6,20.8,70.0
2022-05-22,14.16,20.21,27.79,0.0,57.43
2022-05-29,18.17,22.96,29.23,2.4,67.43
2022-06-05,17.1,21.07,26.29,5.0,72.0
2022-06-12,12.91,18.84,25.64,3.4,61.0
2022-06-19,15.73,21.23,28.43,0.0,60.71
2022-06-26,14.87,20.97,28.53,0.0,58.29
2022-07-03,16.07,21.97,29.3,0.0,49.0
2022-07-10,16.97,23.04,30.33,0.0,48.0
2022-07-17,17.03,23.44,30.77,0.0,45.86
2022-07-24,16.91,23.17,30.5,0.1,42.86
2022-07-31,18.07,24.56,32.33,0.0,39.29
2022-08-07,13.51,19.11,25.3,29.4,65.86
2022-08-14,16.19,21.74,28.8,0.9,54.29
2022-08-21,16.91,22.99,29.64,0.7,45.14
2022-08-28,16.47,23.57,31.11,0.0,41.14
2022-09-04,18.96,25.04,32.19,1.3,47.0
2022-09-11,17.66,23.43,30.14,5.1,57.71
2022-09-18,16.69,22.47,28.9,24.4,62.71
2022-09-25,16.87,21.63,27.16,33.7,75.14
2022-10-02,19.0,24.56,31.06,22.0,63.57
2022-10-09,19.8,24.56,30.16,11.1,66.14
2022-10-16,20.64,25.21,31.33,23.6,61.43
2022-10-23,19.44,25.86,32.94,5.1,55.57
2022-10-30,17.03,21.7,26.91,22.5,65.43
2022-11-06,17.79,24.13,30.64,4.3,51.71
2022-11-13,19.73,25.96,33.07,18.2,54.0
2022-11-20,19.7,25.13,31.54,19.1,62.86
2022-11-27,20.11,24.8,30.46,39.4,68.71
2022-12-04,21.73,25.46,29.74,47.7,74.71
2022-12-11,20.66,24.83,29.76,40.9,76.43
2022-12-18,19.47,24.21,29.84,48.0,73.0
2022-12-25,21.44,24.63,28.91,51.6,79.71
2023-01-01,20.23,23.23,27.04,109.2,82.71
2023-01-08,20.74,23.46,27.79,96.3,85.0
2023-01-15,21.29,24.93,29.99,65.5,78.71
2023-01-22,21.1,25.24,30.16,31.0,76.86
2023-01-29,21.36,24.4,29.36,47.3,82.29
2023-02-05,21.13,24.67,29.49,46.9,79.29
2023-02-12,21.41,24.76,30.06,30.2,81.14
2023-02-19,20.64,24.09,28.54,20.6,80.14
2023-02-26,21.51,25.99,31.69,7.4,71.71
2023-03-05,20.66,23.99,28.83,34.2,80.71
2023-03-12,21.0,23.8,28.56,44.4,83.71
2023-03-19,21.24,25.79,31.31,2.7,70.71
2023-03-26,21.44,26.16,32.57,6.8,70.57
2023-04-02,19.91,24.4,30.31,33.8,71.71
2023-04-09,20.14,23.7,28.69,26.5,81.71
2023-04-16,17.64,22.33,28.09,20.9,73.71
2023-04-23,18.17,22.17,27.1,5.0,75.0
2023-04-30,16.84,22.59,29.66,0.0,65.43
2023-05-07,17.37,22.31,28.97,0.5,67.14
2023-05-14,12.26,19.11,27.66,0.0,57.86
2023-05-21,15.71,21.31,28.43,0.0,57.86
2023-05-28,16.19,19.7,24.83,34.0,78.29
2023-06-04,14.59,20.14,27.99,0.0,63.14
2023-06-11,14.27,17.73,22.76,27.7,77.86
2023-06-18,12.26,18.44,26.89,0.0,63.71
2023-06-25,14.33,20.21,28.16,0.0,61.0
2023-07-02,13.33,19.79,27.93,0.0,54.14
2023-07-09,14.54,20.59,28.4,4.5,56.0
2023-07-16,16.19,22.29,29.77,0.0,59.43
2023-07-23,16.9,22.8,29.96,0.1,52.43
2023-07-30,15.31,22.43,31.1,0.0,50.14
2023-08-06,18.06,24.94,33.87,0.0,43.86
2023-08-13,18.03,23.76,30.27,2.0,53.71
2023-08-20,18.59,24.73,32.09,1.5,53.14
2023-08-27,16.8,21.44,27.5,14.0,69.86
2023-09-03,20.66,25.77,32.37,7.3,60.29
2023-09-10,17.46,24.04,31.91,6.0,54.29
2023-09-17,22.07,29.13,36.96,1.3,43.14
2023-09-24,22.91,29.49,37.19,6.9,48.86
2023-10-01,23.53,27.87,34.21,41.8,67.43
2023-10-08,20.97,25.71,32.24,46.1,70.57
2023-10-15,21.41,26.83,33.16,3.2,63.86
2023-10-22,21.76,26.94,33.49,43.0,65.14
2023-10-29,21.73,25.56,30.87,18.8,72.57
2023-11-05,20.29,27.79,35.23,1.7,48.29
2023-11-12,24.24,31.04,38.39,1.5,45.29
2023-11-19,22.03,26.3,31.77,36.9,72.0
2023-11-26,21.94,26.57,32.7,14.9,70.57
2023-12-03,22.99,28.0,34.56,10.3,63.29
2023-12-10,22.1,28.24,35.17,11.0,58.14
2023-12-17,22.83,27.86,33.47,30.7,63.0
2023-12-24,21.83,27.31,33.06,18.2,66.43
2023-12-31,21.94,26.37,31.77,14.7,72.0
2024-01-07,22.69,26.61,31.63,57.9,74.0
2024-01-14,22.61,26.79,32.47,34.6,74.86
2024-01-21,19.36,24.3,29.67,17.0,72.71
2024-01-28,20.34,25.33,31.07,14.7,67.0
2024-02-04,21.46,25.51,30.49,19.3,75.29
2024-02-11,22.2,26.04,31.23,44.7,75.29
2024-02-18,21.69,25.14,30.47,80.2,80.71
2024-02-25,22.89,28.24,34.3,1.0,66.29
2024-03-03,22.66,27.06,32.81,22.1,70.29
2024-03-10,23.24,27.76,33.41,13.3,72.86
2024-03-17,22.83,26.36,31.66,47.5,76.29
2024-03-24,20.69,23.14,26.57,61.4,87.14
2024-03-31,22.16,26.4,31.64,1.8,73.57
2024-04-07,22.34,25.73,30.66,17.3,75.29
2024-04-14,21.41,25.14,29.96,12.3,75.14
2024-04-21,20.57,26.47,33.23,0.0,56.86
2024-04-28,20.31,27.29,34.76,0.0,52.14
2024-05-05,20.66,26.46,33.47,0.0,51.0
2024-05-12,18.37,24.94,32.89,0.3,53.71
2024-05-19,18.89,23.93,30.21,3.4,61.0
2024-05-26,13.09,18.21,24.7,8.2,71.86
2024-06-02,17.24,23.07,30.43,0.0,51.71
2024-06-09,17.51,23.6,31.91,0.0,47.43
2024-06-16,16.83,23.03,31.27,0.0,43.43
2024-06-23,17.77,24.31,32.04,0.0,50.14
2024-06-30,16.29,21.81,29.03,0.7,54.0
2024-07-07,16.74,22.37,29.89,0.1,60.43
2024-07-14,15.51,22.27,30.51,0.0,45.71
2024-07-21,15.81,22.74,31.2,0.0,37.14
2024-07-28,17.76,23.7,31.29,0.0,45.57
2024-08-04,16.94,22.81,29.14,8.3,47.29
2024-08-11,12.3,20.84,30.61,0.0,40.14
2024-08-18,18.91,26.54,35.66,0.0,31.14
2024-08-25,13.91,21.31,29.47,3.3,46.43
2024-09-01,18.47,26.99,36.79,0.0,31.43
2024-09-08,21.09,28.39,36.56,0.0,27.71
2024-09-15,19.7,25.94,33.49,0.8,49.14
2024-09-22,22.14,29.34,37.37,2.3,37.29
2024-09-29,21.37,29.0,37.24,0.0,38.71
2024-10-06,20.76,27.34,35.29,25.1,51.86
2024-10-13,21.84,27.47,33.91,34.1,54.14
2024-10-20,22.19,25.34,30.33,46.7,79.14
2024-10-27,21.1,25.47,30.9,45.2,70.71
2024-11-03,21.59,24.09,27.81,116.4,85.57
2024-11-10,20.83,25.77,31.54,36.7,68.14
2024-11-17,21.51,26.2,31.21,46.3,71.86
2024-11-24,21.54,26.37,31.66,33.2,67.0
2024-12-01,22.46,26.09,31.03,71.2,77.86
2024-12-08,21.67,25.49,30.59,24.8,76.43
2024-12-15,21.07,25.76,30.43,65.0,71.71
2024-12-22,21.8,25.13,29.37,68.9,82.14
2024-12-29,20.87,25.34,30.97,48.5,78.43
2025-01-05,21.14,26.14,31.71,4.9,73.0
2025-01-12,21.44,25.57,30.81,43.1,74.29
2025-01-19,21.97,26.96,33.1,7.5,69.57
2025-01-26,22.01,25.23,30.01,69.2,79.86
2025-02-02,21.17,24.64,29.81,40.9,81.29
2025-02-09,21.49,25.66,30.57,27.3,74.29
2025-02-16,23.04,27.6,33.87,13.2,70.29
2025-02-23,22.23,27.06,32.97,6.4,67.14
2025-03-02,21.83,27.34,33.73,0.2,53.43
2025-03-09,22.04,27.36,33.4,8.2,62.14
2025-03-16,20.84,25.3,31.46,40.6,74.43
2025-03-23,21.8,26.03,31.63,25.2,73.71
2025-03-30,21.84,25.67,31.19,14.5,75.0
2025-04-06,19.74,24.91,31.04,5.1,67.14
2025-04-13,20.59,23.74,27.9,44.2,79.57
2025-04-20,19.57,23.31,28.8,55.5,79.29
2025-04-27,18.74,22.66,28.09,4.6,78.71
2025-05-04,17.86,22.99,29.5,0.6,69.29
2025-05-11,17.31,22.1,27.99,3.4,70.86
2025-05-18,15.87,21.51,29.11,0.0,63.57
2025-05-25,13.24,18.27,25.06,12.6,69.14
2025-06-01,15.99,21.51,28.94,16.5,71.86
2025-06-08,13.71,18.17,24.36,9.9,74.0
2025-06-15,15.24,20.64,27.84,0.0,63.14
2025-06-22,13.96,19.24,26.13,11.2,66.86
2025-06-29,13.61,19.03,26.49,0.1,71.0
2025-07-06,13.64,19.73,26.89,0.0,55.43
2025-07-13,14.73,20.46,27.49,0.0,52.0
2025-07-20,14.36,21.26,29.73,0.0,51.14
2025-07-27,12.91,19.59,27.7,3.6,52.0
2025-08-03,13.67,19.74,26.94,0.4,54.29
2025-08-10,9.96,18.49,27.89,0.0,44.29
2025-08-17,18.36,25.24,33.74,0.1,38.57
2025-08-24,17.01,23.54,31.26,1.7,53.29
2025-08-31,18.17,24.89,32.46,0.0,42.14
2025-09-07,17.79,26.0,34.44,0.1,36.0
2025-09-14,18.71,26.31,34.59,0.3,41.71
2025-09-21,17.84,24.27,31.27,27.7,57.14
2025-09-28,21.1,28.06,34.99,0.0,35.86
2025-10-05,20.41,26.24,33.56,24.0,52.57
2025-10-12,20.47,25.07,31.01,25.0,69.86
2025-10-19,16.37,22.56,29.21,2.5,47.14
2025-10-26,20.37,24.47,29.76,31.7,70.57
2025-11-02,19.6,24.64,30.51,33.3,74.43
2025-11-09,20.17,25.84,32.23,1.2,55.0
2025-11-16,19.01,24.99,31.46,21.1,59.14
2025-11-23,17.94,24.11,30.76,43.7,57.71
2025-11-30,21.51,26.91,33.47,19.5,61.14
2025-12-07,21.86,24.87,29.39,66.8,78.14
2025-12-14,21.64,24.63,28.91,63.8,80.86
2025-12-21,22.56,27.77,33.59,2.5,62.86
2025-12-28,21.93,26.17,31.87,39.4,76.86
2026-01-04,21.23,26.04,31.79,9.6,70.29
2026-01-11,20.86,24.97,30.39,50.2,76.43
2026-01-18,19.44,24.1,29.6,29.6,73.0
2026-01-25,20.71,24.9,30.06,63.3,78.43
2026-02-01,21.11,24.41,28.96,99.5,83.86
2026-02-08,21.37,24.33,28.14,64.5,84.43
2026-02-15,22.36,27.14,33.07,2.5,68.0
2026-02-22,21.31,24.93,29.84,36.6,79.43
2026-03-01,19.26,25.29,31.76,21.8,60.86
2026-03-08,20.89,23.93,28.24,67.7,84.57
2026-03-15,21.13,25.29,30.76,31.0,78.43
2026-03-22,21.3,25.54,31.01,11.1,73.0
2026-03-29,20.4,25.43,31.46,15.3,70.57
2026-04-05,20.64,25.13,30.96,33.9,78.0
2026-04-12,19.56,24.49,30.49,2.5,67.86
2026-04-19,18.83,24.8,31.93,0.2,61.29
2026-04-26,20.29,25.31,32.06,3.7,65.57
2026-05-03,18.9,24.69,31.61,0.0,59.57
2026-05-10,13.67,18.89,25.71,6.9,67.43
2026-05-17,17.2,20.74,26.0,19.1,84.43
2026-05-24,17.61,22.47,28.87,0.9,72.0
2026-05-31,13.37,19.56,27.26,0.0,64.14
2026-06-07,14.57,19.83,26.24,41.9,67.43
2026-06-14,15.11,18.96,24.31,36.0,81.43
2026-06-21,13.66,17.71,22.76,49.2,85.43
2026-06-28,15.76,21.34,28.71,0.0,70.29
2026-07-05,13.5,19.79,27.84,0.0,68.43
2026-07-12,13.6,19.44,26.76,1.1,61.0
2026-07-19,15.6,20.86,27.96,4.0,63.43
2026-07-26,16.71,22.53,30.54,0.0,59.57
2026-08-02,17.81,23.26,30.44,0.9,55.0
2026-08-09,18.81,25.27,33.44,0.0,53.43
2026-08-16,17.71,24.23,32.0,0.0,48.86
2026-08-23,16.89,23.37,30.84,12.3,56.29
2026-08-30,18.64,24.59,32.39,17.1,61.57
2026-09-06,17.74,21.46,26.24,36.3,82.43
2026-09-13,16.93,22.49,29.33,1.2,70.0
