data_iniSE,SE,casos_est,casos_est_min,casos_est_max,casos,p_rt1,p_inc100k,Localidade_id,nivel,id,versao_modelo,municipio_nome,Rt,pop,tempmin,umidmax,receptivo,transmissao,nivel_inc,umidmed,umidmin,tempmed,tempmax,casprov,casprov_est,casprov_est_min,casprov_est_max,casconf,notif_accum_year
2024-12-22,202452,135.0,135,135,135,5.8391647e-10,31.075058,0,1,353870920245220438,2025-12-16,Piracicaba,0.5317064,434432,20.7549857142857,93.2485285714286,1,0,1,82.5110714285714,67.6893857142857,23.5824,27.2056571428571,13,,,,,129114
2024-12-15,202451,235.0,235,235,235,0.02946554,54.09362,0,1,353870920245120438,2025-12-16,Piracicaba,0.8462173,434432,19.7365285714286,89.3694571428571,0,0,1,71.7076571428571,51.0631285714286,24.0905714285714,29.0298142857143,10,,,,,129114
2024-12-08,202450,267.0,267,267,267,0.10261331,61.45956,0,1,353870920245020438,2025-12-16,Piracicaba,0.8988174,434432,19.6126285714286,92.7312714285714,1,0,1,78.6407571428571,60.5145714285714,23.3422,27.8388142857143,6,,,,,129114
2024-12-01,202449,269.0,269,269,269,0.04157319,61.919933,0,1,353870920244920432,2025-12-10,Piracicaba,0.86587226,434432,21.0889857142857,91.8816571428571,1,0,1,77.1995714285714,61.4269,24.5444428571429,28.4439285714286,7,,,,,129114
2024-11-24,202448,310.0,310,310,310,0.5112702,71.357544,0,1,353870920244820425,2025-12-03,Piracicaba,1.0022718,434432,19.7190428571429,84.4369285714286,0,0,1,65.1167285714286,42.4275714285714,24.5624142857143,30.1431571428571,19,,,,,129114
2024-11-17,202447,306.0,306,306,306,0.70584995,70.4368,0,1,353870920244720418,2025-11-26,Piracicaba,1.0452094,434432,18.8458,90.9142571428571,0,0,1,69.9002142857143,48.3754285714286,23.9287714285714,29.0973142857143,11,,,,,129114
2024-11-10,202446,345.0,345,345,345,0.98926157,79.41404,0,1,353870920244620410,2025-11-18,Piracicaba,1.2010099,434432,17.4705571428571,89.3215142857143,0,1,1,71.8438571428571,54.0834,22.4715428571429,27.8548857142857,8,,,,,129114
2024-11-03,202445,264.0,264,264,264,0.10427358,60.769005,0,1,353870920244520404,2025-11-12,Piracicaba,0.8989734,434432,20.4474857142857,93.4358,1,0,1,87.1867571428571,76.9281142857143,22.1939857142857,24.7106428571429,7,,,,,129114
2024-10-27,202444,290.0,290,290,290,0.3274114,66.75383,0,1,353870920244420396,2025-11-04,Piracicaba,0.96390575,434432,18.5408428571429,88.0795428571429,0,0,1,68.9776857142857,50.2169,23.255,28.5440285714286,7,,,,,129114
2024-10-20,202443,294.0,294,294,294,0.31910104,67.674576,0,1,353870920244320390,2025-10-29,Piracicaba,0.96234185,434432,20.8344714285714,90.3469571428571,0,0,1,76.3663428571429,59.7898142857143,24.2652857142857,28.5665428571429,16,,,,,129114
2024-10-13,202442,306.0,306,306,306,0.37758607,70.4368,0,1,353870920244220381,2025-10-20,Piracicaba,0.9752752,434432,18.7893428571429,84.1395285714286,0,0,1,61.4904285714286,36.9085857142857,24.7691428571429,31.4851,15,,,,,129114
2024-10-06,202441,306.0,306,306,306,0.254219,70.4368,0,1,353870920244120376,2025-10-15,Piracicaba,0.9486403,434432,18.4165714285714,86.2039,0,0,1,60.3627,32.3145285714286,25.0438285714286,32.8974857142857,6,,,,,129114
2024-09-29,202440,303.0,303,303,303,0.21060705,69.74625,0,1,353870920244020368,2025-10-07,Piracicaba,0.9377592,434432,18.9524,72.6971857142857,0,0,1,49.4776,24.9905428571429,25.7443285714286,33.669,9,,,,,129114
2024-09-22,202439,348.0,348,348,348,0.8377845,80.1046,0,1,353870920243920363,2025-10-02,Piracicaba,1.0790595,434432,19.5124285714286,77.7166142857143,0,0,1,46.5697714285714,22.0517142857143,27.3071714285714,35.1142571428571,19,,,,,129114
2024-09-15,202438,307.0,307,307,307,0.33876276,70.666985,0,1,353870920243820354,2025-09-23,Piracicaba,0.9672833,434432,17.3959142857143,86.7418714285714,0,0,1,65.6065142857143,41.2549285714286,22.5772571428571,28.9167142857143,3,,,,,129114
2024-09-08,202437,336.0,336,336,336,0.7742136,77.34237,0,1,353870920243720347,2025-09-16,Piracicaba,1.0606728,434432,20.1833285714286,46.8665857142857,0,0,1,29.4015285714286,14.9616285714286,28.0019285714286,35.6524714285714,11,,,,,129114
2024-09-01,202436,323.0,323,323,323,0.39363578,74.34995,0,1,353870920243620340,2025-09-09,Piracicaba,0.97911185,434432,17.2117142857143,70.9177714285714,0,0,1,43.1902285714286,17.0585571428571,25.4146285714286,34.7997714285714,13,,,,,129114
2024-08-25,202435,289.0,289,289,289,0.0069110156,66.52364,0,1,353870920243520333,2025-09-02,Piracicaba,0.82289165,434432,11.9895285714286,85.2228857142857,0,0,1,59.9078857142857,33.9688285714286,18.3815,25.8644857142857,20,,,,,129114
2024-08-18,202434,357.0,357,357,357,0.16707839,82.17627,0,1,353870920243420328,2025-08-28,Piracicaba,0.93148506,434432,16.3331857142857,63.8621428571429,0,0,1,39.4273142857143,16.3662285714286,24.4681,33.618,15,,,,,129114
2024-08-11,202433,313.0,313,313,313,9.762034e-05,72.0481,0,1,353870920243320321,2025-08-21,Piracicaba,0.75756866,434432,10.2415,83.3662285714286,0,0,1,55.3868142857143,27.0267571428571,17.6826714285714,26.4198142857143,15,,,,,129114
2024-08-04,202432,418.0,418,418,418,0.13900101,96.21759,0,4,353870920243220312,2025-08-12,Piracicaba,0.9290113,434432,16.8699,71.7114142857143,0,0,2,50.2749285714286,29.1765857142857,22.1471,27.9744428571429,54,,,,,129114
2024-07-28,202431,391.0,391,391,391,6.0138394e-05,90.00258,0,4,353870920243120305,2025-08-05,Piracicaba,0.7727888,434432,14.7936857142857,78.3123857142857,0,0,2,55.1125,30.4107285714286,21.0051285714286,28.1753285714286,71,,,,,129114
2024-07-21,202430,457.0,457,457,457,1.4411539e-06,105.19483,0,4,353870920243020298,2025-07-29,Piracicaba,0.74981767,434432,11.9752142857143,80.7921714285714,0,0,2,52.1746571428571,24.1817571428571,19.3975285714286,27.6272428571429,112,,,,,129114
2024-07-14,202429,480.0,480,480,480,0.0,110.4891,0,4,353870920242920292,2025-07-23,Piracicaba,0.6001982,434432,13.5976428571429,92.2198571428571,0,0,2,67.9937,37.2842857142857,18.7833428571429,25.5901428571429,123,,,,,129114
2024-07-07,202428,573.0,573,573,573,0.0,131.89636,0,4,353870920242820284,2025-07-15,Piracicaba,0.52846247,434432,14.5745142857143,94.7376571428571,0,0,2,76.8961285714286,51.7616714285714,18.7728428571429,24.8456,149,,,,,129114
2024-06-30,202427,726.0,726,726,726,0.0,167.11476,0,4,353870920242720278,2025-07-09,Piracicaba,0.53187627,434432,13.5521857142857,85.8168,0,0,2,67.1830285714286,43.2589571428571,18.5280142857143,24.4694714285714,238,,,,,129114
2024-06-23,202426,1067.0,1067,1067,1067,0.0,245.60806,0,4,353870920242620270,2025-07-01,Piracicaba,0.69571596,434432,16.1642285714286,79.6570571428571,0,0,2,56.8075,32.0213,21.9622571428571,28.8454,390,,,,,129114
2024-06-16,202425,1483.0,1483,1483,1483,9.718555e-06,341.36526,0,4,353870920242520263,2025-06-24,Piracicaba,0.85982686,434432,13.5685285714286,73.6674857142857,0,0,2,49.2829142857143,25.4345428571429,20.5319714285714,28.3005428571429,622,,,,,129114
2024-06-09,202424,1599.0,1599,1599,1599,0.0,368.0668,0,4,353870920242420256,2025-06-17,Piracicaba,0.7166063,434432,14.1709142857143,79.8234142857143,0,0,2,55.1102,28.7498857142857,20.7305714285714,28.5298714285714,702,,,,,129114
2024-06-02,202423,1479.0,1479,1479,1479,0.0,340.44455,0,4,353870920242320249,2025-06-10,Piracicaba,0.48870593,434432,14.0393571428571,87.0309857142857,0,0,2,66.6882857142857,41.4812142857143,19.2335142857143,25.8892714285714,607,,,,,129114
2024-05-26,202422,1980.0,1980,1980,1980,0.0,455.76752,0,4,353870920242220242,2025-06-03,Piracicaba,0.5280809,434432,12.5164142857143,93.4034857142857,0,0,2,76.2817857142857,53.6210142857143,16.5675714285714,21.4509,1103,,,,,129114
2024-05-19,202421,3159.0,3159,3159,3159,0.0,727.1564,0,4,353870920242120236,2025-05-28,Piracicaba,0.7478335,434432,18.5160857142857,81.5943,0,0,2,60.8862,39.0657,23.2553428571429,28.7775285714286,1713,,,,,129114
2024-05-12,202420,3952.0,3952,3952,3952,8.206872e-10,909.6936,0,4,353870920242020228,2025-05-20,Piracicaba,0.8769882,434432,18.0599,77.3402857142857,0,0,2,56.0284285714286,34.8547571428571,23.6159142857143,29.8781,2294,,,,,129114
2024-05-05,202419,4254.0,4254,4254,4254,0.0003734732,979.20966,0,4,353870920241920224,2025-05-16,Piracicaba,0.9307125,434432,18.7827285714286,75.8360857142857,0,0,2,51.7653714285714,27.8419571428571,25.0897428571429,31.8165428571429,2492,,,,,129114
2024-04-28,202418,4638.0,4638,4638,4638,0.9884953,1067.601,0,4,353870920241820214,2025-05-06,Piracicaba,1.048931,434432,19.9710571428571,74.3872857142857,0,1,2,50.4276857142857,28.3643,26.3965571428571,32.8813,2611,,,,,129114
2024-04-21,202417,4774.0,4774,4774,4774,1.0,1098.9061,0,4,353870920241720207,2025-04-29,Piracicaba,1.1338055,434432,18.3571142857143,86.3419428571429,0,1,2,59.7208857142857,32.7792857142857,24.4522285714286,31.0484,2561,,,,,129114
2024-04-14,202416,4420.0,4420,4420,4420,1.0,1017.4205,0,4,353870920241620201,2025-04-23,Piracicaba,1.135657,434432,19.6705428571429,89.1150571428571,0,1,2,72.0453714285714,52.0543571428571,23.1833285714286,27.4901428571429,2536,,,,,129114
2024-04-07,202415,4150.0,4150,4150,4150,1.0,955.2703,0,4,353870920241520193,2025-04-15,Piracicaba,1.2242852,434432,20.3214571428571,91.0097428571429,1,1,2,72.2322571428572,50.8631285714286,24.2517142857143,29.0120571428571,2313,,,,,129114
2024-03-31,202414,4326.0,4326,4326,4326,1.0,995.783,0,4,353870920241420188,2025-04-10,Piracicaba,1.4551804,434432,19.8210857142857,89.3393428571429,0,1,2,66.3366142857143,40.8202714285714,24.9688,30.7482571428571,2151,,,,,129114
2024-03-24,202413,3093.0,3093,3093,3093,1.0,711.9641,0,4,353870920241320179,2025-04-01,Piracicaba,1.1557294,434432,18.8310142857143,94.7938142857143,1,1,2,82.9373,65.6808714285714,21.9677142857143,26.0098571428571,1612,,,,,129114
2024-03-17,202412,3015.0,3015,3015,3015,1.0,694.00964,0,4,353870920241220172,2025-03-25,Piracicaba,1.2492609,434432,22.6228571428571,90.5680142857143,0,1,2,74.9962714285714,55.2966142857143,25.9554571428571,30.4884428571429,1365,,,,,129114
2024-03-10,202411,2674.0,2674,2674,2674,1.0,615.51636,0,4,353870920241120165,2025-03-18,Piracicaba,1.2384677,434432,21.5231,90.0067857142857,0,1,2,69.3587285714286,46.2123714285714,26.6237428571429,32.1164428571429,1108,,,,,129114
2024-03-03,202410,2431.0,2431,2431,2431,1.0,559.58124,0,4,353870920241020158,2025-03-11,Piracicaba,1.3011932,434432,21.7440857142857,91.7959714285714,1,1,2,72.9090428571429,51.6833571428571,25.9609,31.0298285714286,878,,,,,129114
2024-02-25,202409,2139.0,2139,2139,2139,1.0,492.36703,0,4,353870920240920154,2025-03-07,Piracicaba,1.4105877,434432,22.2382571428571,92.4817285714286,1,1,2,72.8523571428571,51.1665714285714,26.6501857142857,31.6525714285714,629,,,,,129114
2024-02-18,202408,2035.0,2035,2035,2035,1.0,468.42773,0,4,353870920240820145,2025-02-26,Piracicaba,1.6645193,434432,20.6284285714286,94.5921428571429,1,1,2,79.5977857142857,62.1467857142857,24.4351285714286,28.8389285714286,536,,,,,129114
2024-02-11,202407,1393.0,1393,1393,1393,1.0,320.64856,0,4,353870920240720137,2025-02-18,Piracicaba,1.3629917,434432,21.9266571428571,87.0036142857143,0,1,2,69.3198571428571,51.5484142857143,25.8273,30.1004428571429,424,,,,,129114
2024-02-04,202406,1225.0,1225,1225,1225,1.0,281.9774,0,4,353870920240620130,2025-02-11,Piracicaba,1.4013906,434432,21.7894,87.5632428571429,0,1,2,62.3879,38.7879714285714,27.0564571428571,32.5783142857143,329,,,,,129114
2024-01-28,202405,966.0,966,966,966,1.0,222.35931,0,4,353870920240520123,2025-02-04,Piracicaba,1.3444037,434432,19.7624571428571,91.3487142857143,1,1,2,67.2629285714286,41.4052428571429,25.0727,31.0238285714286,319,,,,,129114
2024-01-21,202404,925.0,925,925,925,1.0,212.9217,0,4,353870920240420117,2025-01-29,Piracicaba,1.6963416,434432,18.9398285714286,88.4323428571429,0,1,2,73.7497571428571,56.7508285714286,22.3865714285714,26.4383714285714,400,,,,,129114
2024-01-14,202403,716.0,716,716,716,1.0,164.81291,0,4,353870920240320109,2025-01-21,Piracicaba,2.0212007,434432,22.6444,88.956,0,1,2,69.2251571428571,50.7091,27.0995571428571,32.1388,241,,,,,129114
2024-01-07,202402,560.0,560,560,560,1.0,128.90395,0,4,353870920240220096,2025-01-08,Piracicaba,2.8436317,434432,22.2511428571429,88.1695857142857,0,1,2,68.6417857142857,50.8238714285714,26.6169285714286,30.9367428571429,216,,,,,129114
2023-12-31,202401,390.0,390,390,390,1.0,89.77239,0,1,353870920240120096,2025-01-08,Piracicaba,2.5479407,434432,20.8295428571429,84.369,0,1,2,64.3783285714286,44.0068428571429,25.5475142857143,30.8653285714286,126,,,,,129114
2023-12-24,202352,63.0,63,63,63,1.1568524e-12,14.501694,0,1,353870920235220088,2024-12-31,Piracicaba,0.376555,434432,21.7154,80.6733142857143,0,0,1,57.7051571428571,37.1995857142857,27.4434285714286,33.1433857142857,29,,,,,129114
2023-12-17,202351,147.0,147,147,147,0.1083554,33.837288,0,1,353870920235120081,2024-12-24,Piracicaba,0.8702399,434432,21.5199571428571,85.4486714285714,0,0,1,61.4990142857143,40.8138714285714,26.9061,32.3243285714286,37,,,,,129114
2023-12-10,202350,202.0,202,202,202,0.98429465,46.497494,0,1,353870920235020074,2024-12-17,Piracicaba,1.2539738,434432,19.5312571428571,91.4212571428571,1,1,1,68.6074285714286,45.5135857142857,25.1428,31.1777571428571,41,,,,,129114
2023-12-03,202349,159.0,159,159,159,0.59438723,36.599514,0,1,353870920234920067,2024-12-10,Piracicaba,1.0272987,434432,21.8023571428571,90.5045714285714,0,0,1,73.8829857142857,55.9302571428571,26.0049857142857,30.5149428571429,21,,,,,129114
2023-11-26,202348,168.0,168,168,168,0.767767,38.671185,0,1,353870920234820060,2024-12-03,Piracicaba,1.0847497,434432,20.0480428571429,94.8282,1,0,1,77.9089142857143,56.8931142857143,24.4101428571429,29.7357571428571,23,,,,,129114
2023-11-19,202347,151.0,151,151,151,0.30476108,34.75803,0,1,353870920234720056,2024-11-29,Piracicaba,0.94378245,434432,21.2281,88.6751714285714,0,0,1,74.1072857142857,58.2407571428571,24.4934571428571,28.5479857142857,17,,,,,129114
2023-11-12,202346,145.0,145,145,145,0.10794334,33.376915,0,1,353870920234620046,2024-11-19,Piracicaba,0.8692281,434432,23.0926857142857,76.9198857142857,0,0,1,52.5969857142857,29.1180714285714,29.5640857142857,36.9061285714286,9,,,,,129114
2023-11-05,202345,177.0,177,177,177,0.52080923,40.742855,0,1,353870920234520039,2024-11-12,Piracicaba,1.0055637,434432,17.6786571428571,83.5071142857143,0,0,1,60.0108857142857,34.0474857142857,24.3281714285714,32.4634857142857,5,,,,,129114
2023-10-29,202344,142.0,142,142,142,0.10005498,32.68636,0,1,353870920234420032,2024-11-05,Piracicaba,0.86381984,434432,20.5567428571429,91.6182285714286,1,0,1,76.1061428571429,54.4079571428571,24.1691571428571,29.2018857142857,1,,,,,129114
2023-10-22,202343,203.0,203,203,203,0.9999655,46.72768,0,1,353870920234320026,2024-10-30,Piracicaba,1.5533519,434432,19.6497,90.7748428571429,0,1,1,72.7267857142857,50.3486714285714,24.4541285714286,30.7091,3,,,,,129114
2023-10-15,202342,182.0,182,182,182,0.999998,41.893784,0,1,353870920234220019,2024-10-23,Piracicaba,1.7396444,434432,17.9962142857143,91.6551428571429,0,1,1,75.6648571428571,55.3299285714286,22.5807,28.4368571428571,1,,,,,129114
2023-10-08,202341,124.0,124,124,124,0.91665524,28.543016,0,1,353870920234120012,2024-10-16,Piracicaba,1.2014623,434432,18.9068142857143,92.3015142857143,1,0,1,78.1289571428571,59.9698285714286,22.5168571428571,27.7238285714286,5,,,,,129114
2023-10-01,202340,84.0,84,84,84,0.050986357,19.335592,0,1,353870920234020005,2024-10-09,Piracicaba,0.7887662,434432,20.9596428571429,91.2413571428571,1,0,1,76.8734571428571,56.0187571428571,24.9230857142857,30.5772285714286,2,,,,,129114
2023-09-24,202339,98.0,98,98,98,0.532711,22.558191,0,1,353870920233919998,2024-10-02,Piracicaba,1.011805,434432,19.8194714285714,83.2295,0,0,1,61.4061714285714,38.184,25.5645571428571,33.1041714285714,3,,,,,129114
2023-09-17,202338,133.0,133,133,133,0.99697095,30.614687,0,1,353870920233819990,2024-09-24,Piracicaba,1.4453282,434432,19.3348142857143,83.0900428571429,0,1,1,54.4177428571429,27.6644857142857,26.2598857142857,34.2015714285714,7,,,,,129114
2023-09-10,202337,84.0,84,84,84,0.1375074,19.335592,0,1,353870920233719984,2024-09-18,Piracicaba,0.85094774,434432,15.7752571428571,84.5539428571429,0,0,1,60.8397857142857,33.0383714285714,22.3604,30.3132571428571,3,,,,,129114
2023-09-03,202336,81.0,81,81,81,0.05181057,18.645035,0,1,353870920233619979,2024-09-13,Piracicaba,0.7864034,434432,18.8812571428571,82.8345428571428,0,0,1,65.0105142857143,43.182,23.7009285714286,29.9540571428571,4,,,,,129114
2023-08-27,202335,107.0,107,107,107,0.5815834,24.629862,0,1,353870920233519969,2024-09-03,Piracicaba,1.0287045,434432,14.1140428571429,87.0717857142857,0,0,1,69.9326,50.4010285714286,18.9390571428571,25.3873,3,,,,,129114
2023-08-20,202334,109.0,109,109,109,0.5607443,25.090233,0,1,353870920233419962,2024-08-27,Piracicaba,1.0209904,434432,16.8116142857143,79.5672428571429,0,0,1,60.4879285714286,38.3682285714286,22.2737142857143,29.0021571428571,5,,,,,129114
2023-08-13,202333,92.0,92,92,92,0.17311905,21.177076,0,1,353870920233319956,2024-08-21,Piracicaba,0.874575,434432,16.4473571428571,85.657,0,0,1,65.8757571428571,43.6220714285714,21.3780857142857,27.5464142857143,6,,,,,129114
2023-08-06,202332,121.0,121,121,121,0.9109533,27.85246,0,1,353870920233219949,2024-08-14,Piracicaba,1.1981703,434432,16.0692857142857,82.6344571428571,0,0,1,59.8734428571429,35.9828857142857,21.9169428571429,29.4981428571429,4,,,,,129114
2023-07-30,202331,100.0,100,100,100,0.54707116,23.018562,0,1,353870920233119941,2024-08-06,Piracicaba,1.0169014,434432,12.5340714285714,88.7796571428571,0,0,1,65.2735285714286,36.4839714285714,19.2108142857143,27.6926571428571,5,,,,,129114
2023-07-23,202330,106.0,106,106,106,0.4652899,24.399675,0,1,353870920233019934,2024-07-30,Piracicaba,0.98816323,434432,14.029,88.5904714285714,0,0,1,66.8091428571429,38.5838714285714,19.7859857142857,27.0904714285714,10,,,,,129114
2023-07-16,202329,92.0,92,92,92,0.0011964608,21.177076,0,1,353870920232919928,2024-07-24,Piracicaba,0.6676703,434432,13.2474428571429,88.8954285714286,0,0,1,72.8748142857143,50.7902571428571,18.0614571428571,24.6259,7,,,,,129114
2023-07-09,202328,95.0,95,95,95,1.0736918e-08,21.867634,0,1,353870920232819919,2024-07-15,Piracicaba,0.50473744,434432,13.9123428571429,87.9167857142857,0,0,1,69.9135428571429,41.8711571428571,18.6067142857143,24.7642857142857,8,,,,,129114
2023-07-02,202327,125.0,125,125,125,6.5604e-10,28.773203,0,1,353870920232719913,2024-07-09,Piracicaba,0.52142674,434432,14.9259259259259,75.775471037037,0,0,1,71.8112574814815,67.9449488888889,15.6342592592593,16.3703703703704,6,,,,,129114
2023-06-25,202326,184.0,184,184,184,1.0794527e-06,42.354153,0,1,353870920232619905,2024-07-01,Piracicaba,0.6428169,434432,18.0,73.767946,0,0,1,71.9080205714286,69.8646587142857,18.4107142857143,18.8571428571429,14,,,,,129114
2023-06-18,202325,264.0,264,264,264,0.00016226356,60.769005,0,1,353870920232519898,2024-06-24,Piracicaba,0.74769586,434432,14.7142857142857,79.56261,0,0,1,75.8701751428571,71.3248131428571,15.4183674285714,16.2857142857143,27,,,,,129114
2023-06-11,202324,259.0,259,259,259,8.0579987e-13,59.618076,0,1,353870920232419884,2024-06-10,Piracicaba,0.58169764,434432,14.0089857142857,92.6997,0,0,1,82.8037571428571,65.4923714285714,16.7785428571429,21.0507571428571,47,,,,,129114
2023-06-04,202323,341.0,341,341,341,2.8665958e-13,78.49329,0,1,353870920232319884,2024-06-10,Piracicaba,0.6136981,434432,11.2924857142857,94.9347714285714,0,0,1,75.1066714285714,44.4656428571429,17.5548571428571,25.7290428571429,79,,,,,129114
2023-05-28,202322,447.0,447,447,447,3.0631053e-12,102.892975,0,4,353870920232219877,2024-06-03,Piracicaba,0.660646,434432,16.7083333333333,86.4010215833333,0,0,2,84.0098628333333,81.4000858333333,17.1339286666667,17.5833333333333,90,,,,,129114
2023-05-21,202321,532.0,532,532,532,3.5127456e-13,122.45875,0,4,353870920232119870,2024-05-27,Piracicaba,0.67144793,434432,15.7142857142857,81.2713008571429,0,0,2,64.7863881428571,46.252562,19.5357142857143,23.8571428571429,97,,,,,129114
2023-05-14,202320,707.0,707,707,707,6.6738257e-06,162.74124,0,4,353870920232019863,2024-05-20,Piracicaba,0.80317205,434432,14.0,81.3471367142857,0,0,2,69.9231502857143,55.3024812857143,16.5566771428571,19.8571428571429,215,,,,,129114
2023-05-07,202319,766.0,766,766,766,0.00026474186,176.32219,0,4,353870920231919856,2024-05-13,Piracicaba,0.8439382,434432,19.1538461538462,83.3761157692308,0,0,2,78.8474393076923,72.7576704615385,20.0128205384615,21.1923076923077,200,,,,,129114
2023-04-30,202318,967.0,967,967,967,0.8206023,222.5895,0,4,353870920231819849,2024-05-06,Piracicaba,1.0430682,434432,20.2857142857143,83.676598,0,0,2,79.7594801428571,76.0600414285714,20.7755102857143,21.2857142857143,221,,,,,129114
2023-04-23,202317,907.0,907,907,907,0.10375511,208.77837,0,4,353870920231719842,2024-04-29,Piracicaba,0.9433496,434432,16.8571428571429,91.4616871428571,0,0,2,77.5492907142857,57.5454145714286,19.7023808571429,23.8571428571429,287,,,,,129114
2023-04-16,202316,865.0,865,865,865,0.032978777,199.11057,0,4,353870920231619835,2024-04-22,Piracicaba,0.9171333,434432,16.7142857142857,89.8042585714286,0,0,2,73.9821242857143,47.8334297142857,20.410714,25.7142857142857,307,,,,,129114
2023-04-09,202315,1052.0,1052,1052,1052,0.99999607,242.15527,0,4,353870920231519828,2024-04-15,Piracicaba,1.2275828,434432,18.4285714285714,92.2939471428571,1,1,2,77.1175728571429,57.8034017142857,21.7626808571429,26.2857142857143,292,,,,,129114
2023-04-02,202314,957.0,957,957,957,1.0,220.28764,0,4,353870920231419821,2024-04-08,Piracicaba,1.3380318,434432,18.0,91.66366,0,1,2,75.2640535714286,53.1809975714286,21.9893891428571,27.0,333,,,,,129114
2023-03-26,202313,900.0,900,900,900,1.0,207.16705,0,4,353870920231319815,2024-04-02,Piracicaba,1.6465629,434432,21.1111111111111,87.7453681481481,0,1,2,77.6998161481481,64.5058777777778,23.1854938518519,25.8888888888889,333,,,,,129114
2023-03-19,202312,739.0,739,739,739,1.0,170.10718,0,4,353870920231219809,2024-03-27,Piracicaba,1.8181046,434432,20.7142857142857,87.8632228571429,0,1,2,71.1558721428571,52.2788248571429,24.529762,28.8571428571429,204,,,,,129114
2023-03-12,202311,540.0,540,540,540,1.0,124.30023,0,3,353870920231119801,2024-03-19,Piracicaba,1.6867164,434432,21.0,87.2747925925926,0,1,2,86.0410711851852,84.4698018518518,21.3518518518519,21.7037037037037,86,,,,,129114
2023-03-05,202310,347.0,347,347,347,0.99986607,79.87441,0,3,353870920231019795,2024-03-13,Piracicaba,1.3469952,434432,21.6296296296296,83.9239559259259,0,1,1,82.4428025925926,80.9616522222222,21.7777777777778,21.9259259259259,55,,,,,129114
2023-02-26,202309,347.0,347,347,347,1.0,79.87441,0,3,353870920230919787,2024-03-05,Piracicaba,1.6431566,434432,23.0384615384615,81.3315002692308,0,1,1,78.0966169230769,75.2918253846154,23.6153846153846,24.1923076923077,56,,,,,129114
2023-02-19,202308,232.0,232,232,232,0.9981557,53.403065,0,3,353870920230819780,2024-02-27,Piracicaba,1.3358033,434432,20.2857142857143,90.8381628571429,0,1,1,79.42818,61.0552258571429,22.7525877142857,27.0,25,,,,,129114
2023-02-12,202307,216.0,216,216,216,0.99993724,49.720093,0,1,353870920230719774,2024-02-21,Piracicaba,1.5041018,434432,22.35,88.6935589,0,1,1,86.844255,84.994955,22.625,22.9,25,,,,,129114
2023-02-05,202306,176.0,176,176,176,0.99826777,40.51267,0,1,353870920230619768,2024-02-15,Piracicaba,1.4030831,434432,22.8571428571429,82.0207544285714,0,1,1,82.0207544285714,82.0207544285714,22.8571428571429,22.8571428571429,11,,,,,129114
2023-01-29,202305,128.0,128,128,128,0.8539609,31.43017,0,1,353870920230519760,2024-02-07,Piracicaba,1.1456988,407252,21.5714285714286,90.3036394285714,0,0,1,85.4408308571429,79.1896481428571,22.4583334285714,23.8571428571429,4,,,,,129114
2023-01-22,202304,127.0,127,127,127,0.9880739,31.184624,0,3,353870920230419752,2024-01-30,Piracicaba,1.3572562,407252,23.8571428571429,73.2841297142857,0,1,1,72.7958294285714,72.3075282857143,23.9285714285714,24.0,6,,,,,129114
2023-01-15,202303,121.0,121,121,121,0.999975,29.711334,0,3,353870920230319748,2024-01-26,Piracicaba,1.8316268,407252,22.4285714285714,87.2955678571429,0,1,1,87.2955678571429,87.2955678571429,22.4285714285714,22.4285714285714,7,,,,,129114
2023-01-08,202302,85.0,85,85,85,0.99999994,20.871597,0,1,353870920230219748,2024-01-26,Piracicaba,2.9501207,407252,20.1428571428571,91.0346407142857,1,1,1,82.430253,71.130571,22.0892854285714,25.1428571428571,5,,,,,129114
2023-01-01,202301,97.0,97,97,97,1.0,23.818176,0,1,353870920230119741,2024-01-19,Piracicaba,11.681789,407252,19.1428571428571,90.6827585714286,0,1,1,78.9210914285714,62.447904,21.5535717142857,25.0,8,,,,,129114
2022-12-25,202252,0.0,0,0,0,0.0,0.0,0,1,353870920225219734,2024-01-12,Piracicaba,0.0,407252,19.6666666666667,98.0062533333333,0,0,0,87.7748513333333,72.36838,21.3204546666667,24.3333333333333,1,,,,,129114
2022-12-18,202251,0.0,0,0,0,0.0,0.0,0,1,353870920225119718,2023-12-27,Piracicaba,0.0,407252,18.5,82.691828,0,0,0,71.5604825,55.7634425,21.706731,26.5,1,,,,,129114
2022-12-11,202250,4.0,4,4,4,3.141931e-14,0.9821928,0,1,353870920225019718,2023-12-27,Piracicaba,0.07018564,407252,18.8333333333333,88.467955,0,0,0,75.734774,58.5961555,22.2708333333333,26.8333333333333,0,,,,,129114
2022-12-04,202249,29.0,29,29,29,5.1779034e-06,7.1208982,0,1,353870920224919708,2023-12-17,Piracicaba,0.3998992,407252,19.8571428571429,92.6361585714286,1,0,0,75.6520278571429,55.3636402857143,23.5909091428571,28.2857142857143,2,,,,,129114
2022-11-27,202248,63.0,63,63,63,0.05649534,15.469538,0,1,353870920224819685,2023-11-24,Piracicaba,0.76827145,407252,18.7142857142857,93.1528448571429,1,0,1,77.0119778571429,51.6956972857143,22.0833334285714,27.1428571428571,2,,,,,129114
2022-11-20,202247,86.0,86,86,86,0.23769613,21.117146,0,1,353870920224719685,2023-11-24,Piracicaba,0.8996407,407252,18.0,85.8769451428571,0,0,1,71.4736112857143,52.0602952857143,21.421929,26.4285714285714,1,,,,,129114
2022-11-13,202246,61.0,61,61,61,0.000118526696,14.978441,0,1,353870920224619685,2023-11-24,Piracicaba,0.562712,407252,18.4285714285714,79.577001,0,0,1,64.123391,45.0603494285714,22.26861,27.5714285714286,1,,,,,129114
2022-11-06,202245,115.0,115,115,115,0.3192494,28.238045,0,1,353870920224519685,2023-11-24,Piracicaba,0.9409063,407252,15.0,86.2943622857143,0,0,1,66.7509044285714,41.0007098571429,19.7567845714286,26.0,1,,,,,129114
2022-10-30,202244,93.0,93,93,93,0.007985968,22.835983,0,1,353870920224419685,2023-11-24,Piracicaba,0.7224202,407252,15.2857142857143,87.215168,0,0,1,71.18601,53.8737375714286,18.77005,23.1428571428571,0,,,,,129114
2022-10-23,202243,133.0,133,133,133,0.6539263,32.657913,0,1,353870920224319685,2023-11-24,Piracicaba,1.0502981,407252,17.7142857142857,86.6953042857143,0,0,1,70.0454745714286,46.060466,21.9584025714286,28.1428571428571,1,,,,,129114
2022-10-16,202242,138.0,138,138,138,0.7854376,33.885654,0,1,353870920224219685,2023-11-24,Piracicaba,1.1022782,407252,18.5714285714286,89.9209422857143,0,0,1,71.5040378571429,49.8173342857143,22.1885615714286,27.2857142857143,1,,,,,129114
2022-10-09,202241,120.0,120,120,120,0.357762,29.465786,0,1,353870920224119685,2023-11-24,Piracicaba,0.9546332,407252,18.7142857142857,87.7147751428571,0,0,1,70.5121,50.531864,22.4847308571429,28.0,1,,,,,129114
2022-10-02,202240,127.0,127,127,127,0.44103488,31.184624,0,1,353870920224019685,2023-11-24,Piracicaba,0.98166996,407252,16.5714285714286,89.6881071428571,0,0,1,72.2296334285714,49.5840671428571,20.6098485714286,26.1428571428571,2,,,,,129114
2022-09-25,202239,128.0,128,128,128,0.35755926,31.43017,0,1,353870920223919685,2023-11-24,Piracicaba,0.9559581,407252,15.1428571428571,92.17666,0,0,1,80.6403537142857,65.3849092857143,17.5408902857143,21.5714285714286,0,,,,,129114
2022-09-18,202238,118.0,118,118,118,0.22144479,28.97469,0,1,353870920223819685,2023-11-24,Piracicaba,0.90725505,407252,14.0,85.7747288571429,0,0,1,69.5124085714286,48.7436162857143,18.1931774285714,23.5714285714286,3,,,,,129114
2022-09-11,202237,154.0,154,154,154,0.9535966,37.814423,0,1,353870920223719685,2023-11-24,Piracicaba,1.2227689,407252,15.4285714285714,85.5509822857143,0,1,1,75.1843314285714,61.4660381428571,17.3353171428571,20.0,7,,,,,129114
2022-09-04,202236,123.0,123,123,123,0.44229636,30.20243,0,1,353870920223619685,2023-11-24,Piracicaba,0.9817751,407252,15.5714285714286,81.3766735714286,0,0,1,62.6932941428571,40.1997147142857,20.2619048571429,26.8571428571429,2,,,,,129114
2022-08-28,202235,123.0,123,123,123,0.52467865,30.20243,0,1,353870920223519685,2023-11-24,Piracicaba,1.0079266,407252,13.4285714285714,74.4504004285714,0,0,1,61.3912037142857,41.5013084285714,17.2635281428571,22.8571428571429,8,,,,,129114
2022-08-21,202234,130.0,130,130,130,0.7532964,31.921267,0,1,353870920223419685,2023-11-24,Piracicaba,1.0905334,407252,14.4285714285714,82.6284815714286,0,0,1,65.2400357142857,43.5203025714286,18.4590967142857,24.0,4,,,,,129114
2022-08-14,202233,127.0,127,127,127,0.65824884,31.184624,0,1,353870920223319685,2023-11-24,Piracicaba,1.0531021,407252,14.2857142857143,79.3618771428571,0,0,1,63.479959,45.787425,17.9123625714286,22.8571428571429,3,,,,,129114
2022-08-07,202232,105.0,105,105,105,0.20379613,25.782562,0,1,353870920223219685,2023-11-24,Piracicaba,0.89497584,407252,13.7142857142857,93.8755405714286,0,0,1,74.6558411428571,49.7670824285714,17.2505174285714,21.8571428571429,5,,,,,129114
2022-07-31,202231,136.0,136,136,136,0.9342571,33.394558,0,1,353870920223119685,2023-11-24,Piracicaba,1.2111297,407252,14.2857142857143,80.0843271428571,0,0,1,62.2650535714286,42.9221228571429,18.794048,24.0,4,,,,,129114
2022-07-24,202230,114.0,114,114,114,0.5679134,27.992496,0,1,353870920223019685,2023-11-24,Piracicaba,1.0230057,407252,15.2857142857143,76.3007185714286,0,0,1,57.958584,39.0511041428571,19.9500062857143,25.4285714285714,1,,,,,129114
2022-07-17,202229,111.0,111,111,111,0.2984239,27.255852,0,1,353870920222919685,2023-11-24,Piracicaba,0.9327219,407252,16.2857142857143,80.4270885714286,0,0,1,62.6050694285714,42.6935632857143,20.6091268571429,25.8571428571429,4,,,,,129114
2022-07-10,202228,109.0,109,109,109,0.010786851,26.764755,0,1,353870920222819685,2023-11-24,Piracicaba,0.7489571,407252,15.5714285714286,79.7957542857143,0,0,1,63.6295822857143,47.6474015714286,19.5052522857143,24.1428571428571,3,,,,,129114
2022-07-03,202227,114.0,114,114,114,7.013306e-06,27.992496,0,1,353870920222719685,2023-11-24,Piracicaba,0.6027873,407252,13.5714285714286,82.1411115714286,0,0,1,58.1512804285714,35.3071954285714,19.4686148571429,25.5714285714286,7,,,,,129114
2022-06-26,202226,118.0,118,118,118,8.7196417e-10,28.97469,0,1,353870920222619685,2023-11-24,Piracicaba,0.51523846,407252,13.2857142857143,85.38597,0,0,1,66.7364691428571,41.3337972857143,18.2951677142857,24.7142857142857,8,,,,,129114
2022-06-19,202225,215.0,215,215,215,0.008848888,52.792866,0,1,353870920222519685,2023-11-24,Piracicaba,0.8053146,407252,14.5714285714286,85.5003385714286,0,0,1,68.3323874285714,45.5279437142857,18.7976191428571,24.1428571428571,14,,,,,129114
2022-06-12,202224,217.0,217,217,217,5.5683122e-05,53.283962,0,1,353870920222419685,2023-11-24,Piracicaba,0.71145207,407252,11.5714285714286,88.6387112857143,0,0,1,68.2343498571429,41.7781977142857,15.9940474285714,21.2857142857143,16,,,,,129114
2022-06-05,202223,273.0,273,273,273,0.0019871253,67.03466,0,1,353870920222319685,2023-11-24,Piracicaba,0.792592,407252,15.4285714285714,93.0202742857143,0,0,1,80.9599862857143,64.1645292857143,18.3105444285714,22.0,24,,,,,129114
2022-05-29,202222,304.0,304,304,304,0.00031850598,74.64666,0,1,353870920222219685,2023-11-24,Piracicaba,0.7714637,407252,16.1428571428571,90.8107734285714,0,0,1,75.0744577142857,57.1934751428571,19.4498298571429,24.0,46,,,,,129114
2022-05-22,202221,346.0,346,346,346,0.00017311213,84.95968,0,1,353870920222119685,2023-11-24,Piracicaba,0.77484757,407252,12.7142857142857,84.5123402857143,0,0,1,58.6949748571429,31.8059635714286,18.6563851428571,25.2857142857143,27,,,,,129114
2022-05-15,202220,371.0,371,371,371,0.0017532224,91.09839,0,4,353870920222019685,2023-11-24,Piracicaba,0.81577915,407252,10.5714285714286,91.992024,0,0,2,71.5846104285714,45.3092395714286,14.4047617142857,19.0,89,,,,,129114
2022-05-08,202219,482.0,482,482,482,0.9874429,118.35424,0,4,353870920221919685,2023-11-24,Piracicaba,1.1614856,407252,16.1428571428571,89.7345385714286,0,1,2,74.2152358571429,51.6227608571429,19.6886447142857,25.1428571428571,141,,,,,129114
2022-05-01,202218,510.0,510,510,510,0.9999942,125.22959,0,4,353870920221819685,2023-11-24,Piracicaba,1.3439467,407252,16.1428571428571,89.6342614285714,0,1,2,72.3415328571429,53.0341722857143,20.1271644285714,25.0,160,,,,,129114
2022-04-24,202217,383.0,383,383,383,0.90072167,94.04497,0,4,353870920221719685,2023-11-24,Piracicaba,1.0997549,407252,18.4285714285714,85.2198785714286,0,0,2,64.7637325714286,40.0618078571429,23.2976191428571,29.2857142857143,141,,,,,129114
2022-04-17,202216,375.0,375,375,375,0.9992597,92.08058,0,4,353870920221619685,2023-11-24,Piracicaba,1.2798423,407252,16.1428571428571,85.1082307142857,0,1,2,62.9763184285714,35.1235362857143,21.0993791428571,27.5714285714286,127,,,,,129114
2022-04-10,202215,383.0,383,383,383,1.0,94.04497,0,3,353870920221519685,2023-11-24,Piracicaba,1.6565629,407252,18.5714285714286,87.5529571428571,0,1,2,70.1496622857143,48.1355792857143,22.1285711428571,26.7142857142857,162,,,,,129114
2022-04-03,202214,297.0,297,297,297,0.9999992,72.92782,0,3,353870920221419685,2023-11-24,Piracicaba,1.5512947,407252,19.4285714285714,90.7362771428571,0,1,1,74.2461098571429,50.7362622857143,23.145238,28.5714285714286,108,,,,,129114
2022-03-27,202213,210.0,210,210,210,0.98465306,51.565125,0,3,353870920221319685,2023-11-24,Piracicaba,1.2494738,407252,20.0,90.7384571428571,0,1,1,74.6981178571429,54.7778554285714,23.1811345714286,27.8571428571429,83,,,,,129114
2022-03-20,202212,185.0,185,185,185,0.9882108,45.42642,0,3,353870920221219685,2023-11-24,Piracicaba,1.2843739,407252,19.4285714285714,85.2447617142857,0,1,1,67.9099028571429,49.2956888571429,23.595547,28.5714285714286,81,,,,,129114
2022-03-13,202211,175.0,175,175,175,0.99955076,42.970936,0,3,353870920221119685,2023-11-24,Piracicaba,1.4782377,407252,21.7142857142857,93.3141685714286,1,1,1,80.4543808571429,63.2777501428571,24.1965987142857,28.0,44,,,,,129114
2022-03-06,202210,147.0,147,147,147,0.998856,36.09559,0,1,353870920221019685,2023-11-24,Piracicaba,1.4794768,407252,21.0,92.4812842857143,1,1,1,70.0425615714286,45.1345348571429,25.6726191428571,31.4285714285714,47,,,,,129114
2022-02-27,202209,114.0,114,114,114,0.9513447,27.992496,0,1,353870920220919685,2023-11-24,Piracicaba,1.2614535,407252,20.8571428571429,90.7932614285714,0,1,1,67.8715948571429,41.0261512857143,25.595238,32.0,33,,,,,129114
2022-02-20,202208,94.0,94,94,94,0.6248937,23.081532,0,1,353870920220819685,2023-11-24,Piracicaba,1.0479945,407252,20.2857142857143,86.8945074285714,0,0,1,64.818109,37.520083,25.7846785714286,32.4285714285714,17,,,,,129114
2022-02-13,202207,88.0,88,88,88,0.34299245,21.608242,0,1,353870920220719685,2023-11-24,Piracicaba,0.94185114,407252,19.4285714285714,88.3175928571429,0,0,1,70.0829421428571,44.2928724285714,23.9063148571429,29.5714285714286,6,,,,,129114
2022-02-06,202206,85.0,85,85,85,0.11081118,20.871597,0,1,353870920220619685,2023-11-24,Piracicaba,0.83620614,407252,19.7142857142857,88.4137257142857,0,0,1,73.6662085714286,54.4204212857143,23.029762,27.7142857142857,10,,,,,129114
2022-01-30,202205,100.0,100,100,100,0.08101496,24.554821,0,2,353870920220519685,2023-11-24,Piracicaba,0.8283695,407252,20.1428571428571,98.2973257142857,1,0,1,87.5148751428572,69.813195,22.2789118571429,25.2857142857143,6,,,,,129114
2022-01-23,202204,86.0,86,86,86,4.740961e-05,21.117146,0,2,353870920220419685,2023-11-24,Piracicaba,0.59361386,407252,21.1428571428571,93.5291385714286,1,0,1,77.6259008571429,56.3650354285714,24.535714,29.2857142857143,4,,,,,129114
2022-01-16,202203,126.0,126,126,126,0.21710606,30.939075,0,2,353870920220319685,2023-11-24,Piracicaba,0.90843266,407252,20.2857142857143,91.8195942857143,1,0,1,73.3190015714286,49.8985805714286,24.2607877142857,29.8571428571429,0,,,,,129114
2022-01-09,202202,130.0,130,130,130,0.99734485,31.921267,0,2,353870920220219685,2023-11-24,Piracicaba,1.461443,407252,19.7142857142857,94.0398357142857,1,1,1,79.5411128571429,61.4375441428571,22.7619048571429,27.1428571428571,1,,,,,129114
2022-01-02,202201,236.0,236,236,236,1.0,57.94938,0,1,353870920220119685,2023-11-24,Piracicaba,3.8085535,407252,20.5714285714286,94.0517014285714,1,1,1,80.0050765714286,61.4273202857143,23.3689614285714,27.2857142857143,3,,,,,129114
2021-12-26,202152,8.0,8,8,8,4.6969095e-12,1.9643856,0,1,353870920215219685,2023-11-24,Piracicaba,0.13203359,407252,19.1428571428571,92.4332614285714,1,0,0,78.0368852857143,58.2989322857143,22.2380954285714,26.8571428571429,0,,,,,129114
2021-12-19,202151,76.0,76,76,76,0.7606773,18.661665,0,1,353870920215119685,2023-11-24,Piracicaba,1.1252769,407252,18.7142857142857,83.810013,0,0,1,65.6137374285714,46.2576947142857,22.8214285714286,27.7142857142857,2,,,,,129114
2021-12-12,202150,55.0,55,55,55,0.050788485,13.505152,0,1,353870920215019685,2023-11-24,Piracicaba,0.7486622,407252,22.0,87.5224442857143,0,0,1,75.8313555714286,56.7376791428571,24.3995857142857,28.5714285714286,4,,,,,129114
2021-12-05,202149,60.0,60,60,60,0.21119119,14.732893,0,1,353870920214919685,2023-11-24,Piracicaba,0.86853296,407252,17.7142857142857,83.0764071428571,0,0,1,64.5181801428571,41.4302304285714,21.6803828571429,27.0,9,,,,,129114
2021-11-28,202148,93.0,93,93,93,0.99551165,22.835983,0,1,353870920214819685,2023-11-24,Piracicaba,1.5295149,407252,19.8571428571429,86.880528,0,1,1,68.9299864285714,45.990325,23.9373705714286,29.2857142857143,3,,,,,129114
2021-11-21,202147,63.0,63,63,63,0.7731256,15.469538,0,1,353870920214719685,2023-11-24,Piracicaba,1.1475967,407252,18.0,83.5789847142857,0,0,1,61.9240367142857,33.9624394285714,23.4582628571429,30.5714285714286,3,,,,,129114
2021-11-14,202146,63.0,63,63,63,0.8782657,15.469538,0,1,353870920214619685,2023-11-24,Piracicaba,1.2444395,407252,18.1428571428571,83.3340108571429,0,0,1,63.548408,39.166327,22.8651825714286,29.0,3,,,,,129114
2021-11-07,202145,50.0,50,50,50,0.65697825,12.2774105,0,1,353870920214519685,2023-11-24,Piracicaba,1.0856361,407252,17.0,81.0263165714286,0,0,1,64.631565,44.2922287142857,21.2983921428571,27.5714285714286,1,,,,,129114
2021-10-31,202144,58.0,58,58,58,0.9134219,14.2417965,0,1,353870920214419685,2023-11-24,Piracicaba,1.3092561,407252,17.4285714285714,89.7665848571429,0,0,1,67.9767294285714,45.2011478571429,22.5464194285714,28.1428571428571,3,,,,,129114
2021-10-24,202143,38.0,38,38,38,0.32310504,9.3308325,0,1,353870920214319685,2023-11-24,Piracicaba,0.90292025,407252,18.1428571428571,91.5823171428571,1,0,0,75.6157385714286,50.8131748571429,21.7851022857143,27.7142857142857,2,,,,,129114
2021-10-17,202142,48.0,48,48,48,0.87003094,11.786314,0,1,353870920214219685,2023-11-24,Piracicaba,1.2752883,407252,15.5714285714286,86.4050142857143,0,0,1,70.2272767142857,49.3687621428571,19.3574722857143,24.5714285714286,2,,,,,129114
2021-10-10,202141,44.0,44,44,44,0.8188774,10.804121,0,1,353870920214119685,2023-11-24,Piracicaba,1.2254469,407252,17.1428571428571,90.6028522857143,0,0,0,71.7473892857143,49.2973762857143,21.7247082857143,27.1428571428571,5,,,,,129114
2021-10-03,202140,38.0,38,38,38,0.4639268,9.3308325,0,1,353870920214019685,2023-11-24,Piracicaba,0.9796556,407252,17.5714285714286,89.8976591428571,0,0,0,73.2943762857143,49.453072,21.5119051428571,28.2857142857143,3,,,,,129114
2021-09-26,202139,27.0,27,27,27,0.045740608,6.6298018,0,1,353870920213919685,2023-11-24,Piracicaba,0.662461,407252,18.2857142857143,78.55892,0,0,0,58.8772801428571,35.8423762857143,23.5714282857143,30.7142857142857,4,,,,,129114
2021-09-19,202138,47.0,47,47,47,0.6340477,11.540766,0,1,353870920213819685,2023-11-24,Piracicaba,1.0742451,407252,16.7142857142857,80.270748,0,0,1,57.1808148571429,31.8643228571429,22.75,30.2857142857143,3,,,,,129114
2021-09-12,202137,37.0,37,37,37,0.10899193,9.085284,0,1,353870920213719685,2023-11-24,Piracicaba,0.76595855,407252,19.5714285714286,78.9785907142857,0,0,0,59.4109341428571,36.6218334285714,24.4109728571429,31.4285714285714,1,,,,,129114
2021-09-05,202136,42.0,42,42,42,0.22665669,10.3130245,0,1,353870920213619685,2023-11-24,Piracicaba,0.85501397,407252,18.4285714285714,86.7819057142857,0,0,0,63.4226718571429,35.6177495714286,23.4967804285714,30.7142857142857,1,,,,,129114
2021-08-29,202135,51.0,51,51,51,0.75285333,12.522959,0,1,353870920213519685,2023-11-24,Piracicaba,1.1497504,407252,15.7142857142857,83.4386414285714,0,0,1,60.5181825714286,33.7531987142857,21.1530205714286,27.5714285714286,1,,,,,129114
2021-08-22,202134,55.0,55,55,55,0.94570637,13.505152,0,1,353870920213419685,2023-11-24,Piracicaba,1.3922037,407252,17.4285714285714,65.8936428571429,0,0,1,48.9208508571429,34.2030192857143,22.8207898571429,28.7142857142857,3,,,,,129114
2021-08-15,202133,43.0,43,43,43,0.6999847,10.558573,0,1,353870920213319685,2023-11-24,Piracicaba,1.1227837,407252,15.8571428571429,75.6560567142857,0,0,0,51.7654835714286,26.551481,22.4176548571429,30.0,6,,,,,129114
2021-08-08,202132,37.0,37,37,37,0.3408741,9.085284,0,1,353870920213219685,2023-11-24,Piracicaba,0.911505,407252,14.4285714285714,80.1359357142857,0,0,0,61.7912294285714,40.377121,18.9937651428571,25.1428571428571,3,,,,,129114
2021-08-01,202131,37.0,37,37,37,0.063538104,9.085284,0,1,353870920213119685,2023-11-24,Piracicaba,0.72220343,407252,11.8571428571429,88.5370084285714,0,0,0,67.7850891428571,39.1294717142857,16.5696168571429,23.1428571428571,3,,,,,129114
2021-07-25,202130,42.0,42,42,42,0.006969036,10.3130245,0,1,353870920213019685,2023-11-24,Piracicaba,0.6220922,407252,9.57142857142857,79.9957688571429,0,0,0,58.8663457142857,33.0826897142857,15.2608697142857,22.1428571428571,2,,,,,129114
2021-07-18,202129,31.0,31,31,31,1.7207914e-05,7.6119947,0,1,353870920212919685,2023-11-24,Piracicaba,0.42853013,407252,10.0,77.99244,0,0,0,51.3542295714286,19.6009922857143,16.2753621428571,23.8571428571429,5,,,,,129114
2021-07-11,202128,94.0,94,94,94,0.8983542,23.081532,0,1,353870920212819685,2023-11-24,Piracicaba,1.2145058,407252,13.8571428571429,76.3548135714286,0,0,1,52.833433,30.0276057142857,19.842132,26.4285714285714,7,,,,,129114
2021-07-04,202127,68.0,68,68,68,0.007893791,16.697279,0,1,353870920212719685,2023-11-24,Piracicaba,0.6866858,407252,12.4285714285714,89.3959171428571,0,0,1,66.9065605714286,35.2058367142857,17.1084368571429,23.2857142857143,4,,,,,129114
2021-06-27,202126,62.0,62,62,62,1.2698962e-07,15.2239895,0,1,353870920212619685,2023-11-24,Piracicaba,0.46618348,407252,10.8571428571429,85.2144064285714,0,0,1,63.1473487142857,36.3159485714286,16.0333144285714,22.5714285714286,16,,,,,129114
2021-06-20,202125,96.0,96,96,96,1.0693459e-06,23.572628,0,1,353870920212519685,2023-11-24,Piracicaba,0.5546439,407252,14.2857142857143,90.5413085714286,0,0,1,72.4711107142857,48.0773982857143,18.5812631428571,24.0,20,,,,,129114
2021-06-13,202124,132.0,132,132,132,4.9138237e-07,32.412365,0,1,353870920212419685,2023-11-24,Piracicaba,0.59010714,407252,13.2857142857143,89.5574728571429,0,0,1,72.4294321428571,49.0606168571429,16.9166665714286,22.0,43,,,,,129114
2021-06-06,202123,169.0,169,169,169,1.3166304e-09,41.497646,0,1,353870920212319685,2023-11-24,Piracicaba,0.56998265,407252,15.7142857142857,93.1494605714286,0,0,1,79.53268,57.9861302857143,18.8988097142857,23.1428571428571,54,,,,,129114
2021-05-30,202122,215.0,215,215,215,3.8158365e-13,52.792866,0,1,353870920212219685,2023-11-24,Piracicaba,0.55141807,407252,15.5714285714286,91.289182,0,0,1,72.0672548571429,44.5944088571429,19.8984214285714,26.2857142857143,61,,,,,129114
2021-05-23,202121,271.0,271,271,271,2.220446e-16,66.543564,0,1,353870920212119685,2023-11-24,Piracicaba,0.5477337,407252,13.8571428571429,87.1709505714286,0,0,1,65.465961,39.3252545714286,19.0357144285714,25.1428571428571,68,,,,,129114
2021-05-16,202120,411.0,411,411,411,5.1709748e-12,100.92031,0,4,353870920212019685,2023-11-24,Piracicaba,0.6529054,407252,14.1428571428571,91.2541628571429,0,0,2,67.8569567142857,39.6919811428571,19.0119045714286,25.1428571428571,158,,,,,129114
2021-05-09,202119,462.0,462,462,462,0.0,113.443275,0,4,353870920211919685,2023-11-24,Piracicaba,0.58020693,407252,15.1428571428571,91.2834671428571,0,0,2,72.15941,49.6310684285714,19.0416665714286,24.4285714285714,186,,,,,129114
2021-05-02,202118,618.0,618,618,618,0.0,151.7488,0,4,353870920211819685,2023-11-24,Piracicaba,0.64170593,407252,15.2857142857143,88.8495285714286,0,0,2,64.9175675714286,36.0565221428571,20.535714,26.7142857142857,231,,,,,129114
2021-04-25,202117,781.0,781,781,781,1.10689236e-13,191.77315,0,4,353870920211719685,2023-11-24,Piracicaba,0.7112016,407252,16.1428571428571,90.5012234285714,0,0,2,68.981978,43.3677838571429,20.4428054285714,26.0,287,,,,,129114
2021-04-18,202116,1021.0,1021,1021,1021,0.002856229,250.70473,0,4,353870920211619685,2023-11-24,Piracicaba,0.88805205,407252,15.5714285714286,93.0138185714286,0,0,2,76.2884514285714,53.8096961428571,19.1062927142857,24.0,380,,,,,129114
2021-04-11,202115,1056.0,1056,1056,1056,0.62971133,259.29892,0,4,353870920211519685,2023-11-24,Piracicaba,1.0145631,407252,17.1428571428571,86.5721028571429,0,0,2,67.0530514285714,44.812718,21.8525797142857,27.2857142857143,429,,,,,129114
2021-04-04,202114,1355.0,1355,1355,1355,1.0,332.71783,0,4,353870920211419685,2023-11-24,Piracicaba,1.5348281,407252,17.5714285714286,90.6347114285714,0,1,2,70.3269402857143,46.0995705714286,21.715476,27.0,580,,,,,129114
2021-03-28,202113,1039.0,1039,1039,1039,1.0,255.12459,0,4,353870920211319685,2023-11-24,Piracicaba,1.3211992,407252,18.0,92.2608234285714,0,1,2,69.5645728571428,41.8061314285714,22.7261905714286,28.5714285714286,431,,,,,129114
2021-03-21,202112,804.0,804,804,804,0.98458713,197.42076,0,4,353870920211219685,2023-11-24,Piracicaba,1.1170467,407252,20.2857142857143,91.5599528571428,1,1,2,66.9063937142857,38.0498207142857,25.875,32.1428571428571,320,,,,,129114
2021-03-14,202111,808.0,808,808,808,0.9999976,198.40295,0,4,353870920211119685,2023-11-24,Piracicaba,1.2735204,407252,20.2857142857143,91.5891514285714,1,1,2,75.0426842857143,50.3310535714286,24.0573325714286,29.4285714285714,322,,,,,129114
2021-03-07,202110,721.0,721,721,721,1.0,177.04025,0,4,353870920211019685,2023-11-24,Piracicaba,1.3643217,407252,18.8571428571429,96.5436585714286,1,1,2,78.1065101428571,50.7960445714286,22.6666668571429,28.1428571428571,236,,,,,129114
2021-02-28,202109,680.0,680,680,680,1.0,166.97278,0,4,353870920210919685,2023-11-24,Piracicaba,1.5589578,407252,20.2857142857143,94.1019457142857,1,1,2,82.5080194285714,65.2955242857143,22.5849685714286,26.0,338,,,,,129114
2021-02-21,202108,493.0,493,493,493,0.99998665,121.05527,0,4,353870920210819685,2023-11-24,Piracicaba,1.3328406,407252,19.7142857142857,91.6298957142857,1,1,2,77.1650335714286,57.7635215714286,22.6600274285714,27.5714285714286,245,,,,,129114
2021-02-14,202107,450.0,450,450,450,0.9999989,110.4967,0,3,353870920210719685,2023-11-24,Piracicaba,1.4105418,407252,19.8571428571429,93.2593042857143,1,1,2,74.8393677142857,49.4681824285714,24.0199751428571,29.4285714285714,207,,,,,129114
2021-02-07,202106,329.0,329,329,329,0.99930596,80.78536,0,3,353870920210619685,2023-11-24,Piracicaba,1.305044,407252,18.8571428571429,88.7747085714286,0,1,1,74.8176441428571,54.3058438571429,21.94177,27.0,164,,,,,129114
2021-01-31,202105,370.0,370,370,370,1.0,90.85284,0,3,353870920210519685,2023-11-24,Piracicaba,1.9932877,407252,21.4285714285714,92.5674257142857,1,1,2,73.2706334285714,50.79827,25.2689782857143,30.1428571428571,200,,,,,129114
2021-01-24,202104,237.0,237,237,237,0.9999997,58.194927,0,3,353870920210419685,2023-11-24,Piracicaba,1.6842312,407252,21.1428571428571,89.5238785714286,0,1,1,73.4890364285714,50.7916365714286,24.6001401428571,29.7142857142857,118,,,,,129114
2021-01-17,202103,178.0,178,178,178,0.99999595,43.70758,0,3,353870920210319685,2023-11-24,Piracicaba,1.7170256,407252,21.2857142857143,91.6331385714286,1,1,1,73.0881228571429,48.5415568571429,25.1792771428571,30.4285714285714,79,,,,,129114
2021-01-10,202102,121.0,121,121,121,0.9999974,29.711334,0,2,353870920210219685,2023-11-24,Piracicaba,2.0028043,407252,21.1428571428571,95.7588771428571,1,1,1,83.2255894285714,60.5662974285714,23.9108118571429,29.0,50,,,,,129114
2021-01-03,202101,147.0,147,147,147,1.0,36.09559,0,2,353870920210119685,2023-11-24,Piracicaba,3.8582196,407252,20.8571428571429,92.4222885714286,1,1,1,73.4618442857143,48.9030391428571,24.6467625714286,30.4285714285714,56,,,,,129114
2020-12-27,202053,15.0,15,15,15,0.002472762,3.6832232,0,1,353870920205319589,2023-08-20,Piracicaba,0.43738115,407252,20.0,97.00938,1,0,0,83.4083875,63.8287625,22.5,27.0,3,,,,,129114
2020-12-20,202052,44.0,44,44,44,0.73186785,10.804121,0,1,353870920205219589,2023-08-20,Piracicaba,1.1453605,407252,19.7714285714286,93.9577124571429,1,0,1,,,,,5,,,,,129114
2020-12-13,202051,28.0,28,28,28,0.015543526,6.87535,0,1,353870920205119589,2023-08-20,Piracicaba,0.60353714,407252,19.5428571428571,90.9060449142857,0,0,1,,,,,3,,,,,129114
2020-12-06,202050,37.0,37,37,37,0.056377623,9.085284,0,1,353870920205019589,2023-08-20,Piracicaba,0.7136964,407252,19.3142857142857,87.8543773714286,0,0,1,,,,,3,,,,,129114
2020-11-29,202049,45.0,45,45,45,0.35806584,11.049669,0,1,353870920204919589,2023-08-20,Piracicaba,0.9278331,407252,19.0857142857143,84.8027098285714,0,0,1,,,,,7,,,,,129114
2020-11-22,202048,63.0,63,63,63,0.9861885,15.469538,0,1,353870920204819589,2023-08-20,Piracicaba,1.5462443,407252,18.8571428571429,81.7510422857143,0,1,1,61.8395515714286,37.8621564285714,23.9807314285714,30.1428571428571,7,,,,,129114
2020-11-15,202047,47.0,47,47,47,0.91832817,11.540766,0,1,353870920204719589,2023-08-20,Piracicaba,1.3621131,407252,18.7142857142857,90.1747285714286,0,0,1,72.9150737142857,55.2741578571429,22.1575181428571,26.5714285714286,2,,,,,129114
2020-11-08,202046,43.0,43,43,43,0.8793015,10.558573,0,1,353870920204619589,2023-08-20,Piracicaba,1.3082839,407252,19.2857142857143,87.9772228571428,0,0,1,67.324044,41.1697435714286,23.9662622857143,30.7142857142857,5,,,,,129114
2020-11-01,202045,28.0,28,28,28,0.279162,6.87535,0,1,353870920204519589,2023-08-20,Piracicaba,0.86100566,407252,14.0,84.5870314285714,0,0,1,61.2569611428571,32.6072447142857,19.515128,26.7142857142857,2,,,,,129114
2020-10-25,202044,35.0,35,35,35,0.67151827,8.594188,0,1,353870920204419589,2023-08-20,Piracicaba,1.1144874,407252,18.4285714285714,83.2684521428571,0,0,1,62.8363398571429,40.043376,23.1061545714286,29.2857142857143,2,,,,,129114
2020-10-18,202043,33.0,33,33,33,0.71477365,8.103091,0,1,353870920204319589,2023-08-20,Piracicaba,1.1546693,407252,18.2857142857143,85.9078188571429,0,0,1,67.9110872857143,45.2114362857143,22.5881331428571,28.5714285714286,8,,,,,129114
2020-10-11,202042,31.0,31,31,31,0.8018255,7.6119947,0,1,353870920204219589,2023-08-20,Piracicaba,1.2539021,407252,16.2857142857143,79.3488405714286,0,0,1,58.653806,35.9805824285714,21.4781384285714,28.2857142857143,4,,,,,129114
2020-10-04,202041,33.0,33,33,33,0.857643,8.103091,0,1,353870920204119589,2023-08-20,Piracicaba,1.3237227,407252,20.2857142857143,79.7337522857143,0,0,1,57.7730407142857,32.9458077142857,25.6730158571429,32.1428571428571,3,,,,,129114
2020-09-27,202040,20.0,20,20,20,0.13366835,4.910964,0,1,353870920204019589,2023-08-20,Piracicaba,0.7255184,407252,21.7142857142857,70.1313628571429,0,0,1,47.4409957142857,23.7345011428571,27.2041217142857,34.5714285714286,1,,,,,129114
2020-09-20,202039,21.0,21,21,21,0.22124524,5.1565123,0,1,353870920203919589,2023-08-20,Piracicaba,0.80074114,407252,16.4285714285714,83.0592251428571,0,0,1,63.6038507142857,40.22455,20.7779502857143,26.4285714285714,1,,,,,129114
2020-09-13,202038,35.0,35,35,35,0.964868,8.594188,0,1,353870920203819589,2023-08-20,Piracicaba,1.6238434,407252,18.7142857142857,71.337358,0,1,1,47.3952658571429,23.7055114285714,24.7458117142857,31.4285714285714,3,,,,,129114
2020-09-06,202037,25.0,25,25,25,0.8410212,6.1387053,0,1,353870920203719589,2023-08-20,Piracicaba,1.3520927,407252,18.7142857142857,80.3586312857143,0,0,1,48.7639018571429,17.1473277142857,25.2813148571429,33.1428571428571,4,,,,,129114
2020-08-30,202036,25.0,25,25,25,0.7311867,6.1387053,0,1,353870920203619589,2023-08-20,Piracicaba,1.1981114,407252,17.0,80.4425057142857,0,0,1,54.9463957142857,26.6581857142857,23.0050547142857,30.2857142857143,5,,,,,129114
2020-08-23,202035,9.0,9,9,9,0.004367091,2.209934,0,1,353870920203519589,2023-08-20,Piracicaba,0.38333622,407252,12.2857142857143,80.4745728571429,0,0,0,56.3232304285714,26.878479,18.3211697142857,25.7142857142857,1,,,,,129114
2020-08-16,202034,25.0,25,25,25,0.51647294,6.1387053,0,1,353870920203419589,2023-08-20,Piracicaba,1.0116861,407252,14.7142857142857,88.7773437142857,0,0,1,79.1587291428571,66.2756328571429,16.9307361428571,19.8571428571429,6,,,,,129114
2020-08-09,202033,25.0,25,25,25,0.3684828,6.1387053,0,1,353870920203319589,2023-08-20,Piracicaba,0.9120138,407252,16.2857142857143,67.8333685714286,0,0,1,45.668263,24.7397962857143,22.212992,28.7142857142857,3,,,,,129114
2020-08-02,202032,22.0,22,22,22,0.061586127,5.4020605,0,1,353870920203219589,2023-08-20,Piracicaba,0.65986365,407252,12.4285714285714,85.4509007142857,0,0,1,56.9525142857143,23.2011081428571,18.755458,26.0,6,,,,,129114
2020-07-26,202031,28.0,28,28,28,0.027570514,6.87535,0,1,353870920203119589,2023-08-20,Piracicaba,0.63459736,407252,14.8571428571429,83.1649285714286,0,0,1,62.9135372857143,39.199647,19.5386785714286,24.8571428571429,1,,,,,129114
2020-07-19,202030,29.0,29,29,29,0.0013133067,7.1208982,0,1,353870920203019589,2023-08-20,Piracicaba,0.51401806,407252,14.0,78.8165718571429,0,0,1,52.7211925714286,29.3048231428571,20.365626,26.5714285714286,4,,,,,129114
2020-07-12,202029,42.0,42,42,42,0.011525794,10.3130245,0,1,353870920202919589,2023-08-20,Piracicaba,0.6425891,407252,15.4285714285714,82.4697528571429,0,0,1,65.325152,41.4568002857143,19.9655794285714,26.1428571428571,8,,,,,129114
2020-07-05,202028,62.0,62,62,62,0.18949792,15.2239895,0,1,353870920202819589,2023-08-20,Piracicaba,0.8592841,407252,14.8571428571429,82.265505,0,0,1,62.0051285714286,35.9019418571429,19.6996675714286,26.1428571428571,5,,,,,129114
2020-06-28,202027,65.0,65,65,65,0.18890333,15.960633,0,1,353870920202719589,2023-08-20,Piracicaba,0.8618983,407252,11.7142857142857,89.3369957142857,0,0,1,69.5775448571429,41.3711707142857,15.9803911428571,21.4285714285714,4,,,,,129114
2020-06-21,202026,71.0,71,71,71,0.32043675,17.433924,0,1,353870920202619589,2023-08-20,Piracicaba,0.92626923,407252,15.1428571428571,81.977135,0,0,1,64.574045,46.3274742857143,19.4503561428571,24.0,10,,,,,129114
2020-06-14,202025,87.0,87,87,87,0.51603234,21.362694,0,1,353870920202519589,2023-08-20,Piracicaba,1.006108,407252,15.4285714285714,83.2655594285714,0,0,1,66.5073102857143,43.0196127142857,19.5859217142857,24.8571428571429,21,,,,,129114
2020-06-07,202024,61.0,61,61,61,0.00032653523,14.978441,0,1,353870920202419589,2023-08-20,Piracicaba,0.58385956,407252,17.1428571428571,90.7721925714286,0,0,1,72.3448487142857,46.0665475714286,21.4791662857143,27.1428571428571,10,,,,,129114
2020-05-31,202023,89.0,89,89,89,0.00571037,21.85379,0,1,353870920202319589,2023-08-20,Piracicaba,0.7068027,407252,14.5714285714286,87.9404285714286,0,0,1,68.9318071428571,46.7809745714286,18.970238,24.4285714285714,15,,,,,129114
2020-05-24,202022,98.0,98,98,98,0.0013216642,24.063725,0,1,353870920202219589,2023-08-20,Piracicaba,0.67773,407252,10.1428571428571,84.2748244285714,0,0,1,60.1259131428571,31.9040835714286,15.416667,21.8571428571429,16,,,,,129114
2020-05-17,202021,132.0,132,132,132,0.044984866,32.412365,0,1,353870920202119589,2023-08-20,Piracicaba,0.8200998,407252,14.7142857142857,87.1502534285714,0,0,1,62.0104084285714,31.9008367142857,20.3095234285714,26.7142857142857,35,,,,,129114
2020-05-10,202020,146.0,146,146,146,0.043881826,35.85004,0,1,353870920202019589,2023-08-20,Piracicaba,0.82671505,407252,14.1428571428571,83.9079631428571,0,0,1,63.1958662857143,40.3757144285714,18.877976,24.4285714285714,49,,,,,129114
2020-05-03,202019,159.0,159,159,159,0.060446892,39.042164,0,1,353870920201919589,2023-08-20,Piracicaba,0.84649116,407252,13.7142857142857,85.7040328571429,0,0,1,62.5006477142857,35.3690538571429,18.529762,24.5714285714286,62,,,,,129114
2020-04-26,202018,181.0,181,181,181,0.31097156,44.444225,0,4,353870920201819589,2023-08-20,Piracicaba,0.95016676,407252,15.8571428571429,83.3564407142857,0,0,2,58.25133,32.2292944285714,21.5416665714286,27.8571428571429,62,,,,,129114
2020-04-19,202017,192.0,192,192,192,0.6131744,47.145256,0,4,353870920201719589,2023-08-20,Piracicaba,1.0299789,407252,16.1428571428571,88.0089457142857,0,0,2,64.1735897142857,31.9487354285714,21.1607142857143,27.7142857142857,73,,,,,129114
2020-04-12,202016,199.0,199,199,199,0.7317317,48.864094,0,4,353870920201619589,2023-08-20,Piracicaba,1.0648934,407252,15.5714285714286,90.4458314285714,0,0,2,69.0730385714286,45.58978,20.1666668571429,25.8571428571429,87,,,,,129114
2020-04-05,202015,183.0,183,183,183,0.1299293,44.93532,0,4,353870920201519589,2023-08-20,Piracicaba,0.8919482,407252,16.5714285714286,86.5138965714286,0,0,2,64.6510895714286,38.5623234285714,21.3333331428571,27.1428571428571,83,,,,,129114
2020-03-29,202014,180.0,180,180,180,0.00032250144,44.198677,0,4,353870920201419589,2023-08-20,Piracicaba,0.7183626,407252,18.4285714285714,90.674434,0,0,2,70.4651237142857,45.7766298571429,23.25,29.1428571428571,84,,,,,129114
2020-03-22,202013,190.0,190,190,190,8.96544e-08,46.65416,0,4,353870920201319589,2023-08-20,Piracicaba,0.6218078,407252,16.5714285714286,84.9334728571429,0,0,2,62.544091,33.335306,21.8630951428571,28.1428571428571,71,,,,,129114
2020-03-15,202012,232.0,232,232,232,3.8057908e-05,56.967186,0,4,353870920201219589,2023-08-20,Piracicaba,0.71364737,407252,20.2857142857143,90.8237257142857,0,0,2,77.6844585714286,59.0208361428571,22.9669911428571,26.7142857142857,56,,,,,129114
2020-03-08,202011,336.0,336,336,336,0.910713,82.504196,0,4,353870920201119589,2023-08-20,Piracicaba,1.1123915,407252,18.5714285714286,89.0422825714286,0,0,2,74.6078987142857,57.0837562857143,21.638528,25.7142857142857,88,,,,,129114
2020-03-01,202010,365.0,365,365,365,0.9999206,89.6251,0,4,353870920201019589,2023-08-20,Piracicaba,1.3515353,407252,17.4285714285714,86.531958,0,1,2,74.0623635714286,57.658079,20.1715365714286,24.0,114,,,,,129114
2020-02-23,202009,288.0,288,288,288,0.98668885,70.71789,0,4,353870920200919589,2023-08-20,Piracicaba,1.2138128,407252,18.4285714285714,90.6821685714286,0,1,2,85.8490444285714,78.78173,19.766234,21.4285714285714,89,,,,,129114
2020-02-16,202008,275.0,275,275,275,0.9998611,67.52576,0,4,353870920200819589,2023-08-20,Piracicaba,1.4006774,407252,21.7142857142857,85.683143,0,1,2,80.5718434285714,72.54595,22.8869051428571,24.8571428571429,61,,,,,129114
2020-02-09,202007,245.0,245,245,245,0.99999523,60.159313,0,4,353870920200719589,2023-08-20,Piracicaba,1.5633817,407252,19.4285714285714,87.5982371428571,0,1,2,83.8589192857143,77.4400651428572,20.1142857142857,21.2857142857143,76,,,,,129114
2020-02-02,202006,205.0,205,205,205,0.9999702,50.337383,0,1,353870920200619589,2023-08-20,Piracicaba,1.5563136,407252,20.7142857142857,91.6261885714286,1,1,2,84.7282878571429,69.8613685714286,22.2690477142857,25.2857142857143,59,,,,,129114
2020-01-26,202005,133.0,133,133,133,0.88006186,32.657913,0,1,353870920200519589,2023-08-20,Piracicaba,1.161085,407252,19.7142857142857,86.4817522857143,0,0,1,64.5026978571429,42.6987868571429,24.8690474285714,30.7142857142857,42,,,,,129114
2020-01-19,202004,144.0,144,144,144,0.99750775,35.358944,0,1,353870920200419589,2023-08-20,Piracicaba,1.4356441,407252,18.5714285714286,85.9065222857143,0,1,1,70.6556221428571,51.5011202857143,22.6687371428571,27.8571428571429,33,,,,,129114
2020-01-12,202003,101.0,101,101,101,0.86188644,24.80037,0,1,353870920200319589,2023-08-20,Piracicaba,1.1724328,407252,20.8571428571429,87.7254965714286,0,0,1,72.6372531428571,52.1362464285714,24.5238094285714,29.2857142857143,16,,,,,129114
2020-01-05,202002,116.0,116,116,116,0.9957423,28.483593,0,1,353870920200219589,2023-08-20,Piracicaba,1.4607685,407252,20.8571428571429,93.2325614285714,1,1,1,78.2671448571429,59.05626,24.0880954285714,28.7142857142857,24,,,,,129114
2019-12-29,202001,70.0,70,70,70,0.26471382,17.188375,0,1,353870920200119589,2023-08-20,Piracicaba,0.9018585,407252,20.3333333333333,89.3769483333333,0,0,1,73.4367075,52.5774605,23.3791663333333,28.5,11,,,,,129114
2019-12-22,201952,84.0,84,84,84,0.7714301,20.626049,0,1,353870920195219589,2023-08-20,Piracicaba,1.1250807,407252,19.5714285714286,89.1148562857143,0,0,1,82.9459707142857,73.7981914285714,20.7714285714286,22.7142857142857,7,,,,,129114
2019-12-15,201951,74.0,74,74,74,0.778693,18.170568,0,1,353870920195119589,2023-08-20,Piracicaba,1.1388304,407252,20.8571428571429,87.7000957142857,0,0,1,83.1481362857143,77.0796522857143,21.7142857142857,23.1428571428571,5,,,,,129114
2019-12-08,201950,83.0,83,83,83,0.98640853,20.3805,0,1,353870920195019589,2023-08-20,Piracicaba,1.4557102,407252,19.4285714285714,87.5346622857143,0,1,1,81.793553,75.1609495714286,20.3142857142857,21.8571428571429,7,,,,,129114
2019-12-01,201949,69.0,69,69,69,0.77119994,16.942827,0,1,353870920194919589,2023-08-20,Piracicaba,1.139088,407252,19.5714285714286,86.1301407142857,0,0,1,82.6138672857143,78.2634235714286,20.4111112857143,21.4285714285714,7,,,,,129114
2019-11-24,201948,39.0,39,39,39,0.0040675974,9.57638,0,1,353870920194819589,2023-08-20,Piracicaba,0.5923811,407252,17.5714285714286,86.6044485714286,0,0,1,81.0312902857143,73.3393311428571,18.7714285714286,20.2857142857143,0,,,,,129114
2019-11-17,201947,67.0,67,67,67,0.49047083,16.45173,0,1,353870920194719589,2023-08-20,Piracicaba,0.9958982,407252,18.4285714285714,85.8135045714286,0,0,1,79.7731592857143,72.5141078571429,19.5142857142857,20.8571428571429,1,,,,,129114
2019-11-10,201946,70.0,70,70,70,0.6203225,17.188375,0,1,353870920194619589,2023-08-20,Piracicaba,1.053692,407252,19.4285714285714,85.3912822857143,0,0,1,83.0590357142857,79.5310957142857,20.2285714285714,21.2857142857143,0,,,,,129114
2019-11-03,201945,63.0,63,63,63,0.45326787,15.469538,0,1,353870920194519589,2023-08-20,Piracicaba,0.9794706,407252,20.5714285714286,85.5379908571429,0,0,1,78.6551832857143,70.6098925714286,21.7040817142857,23.1428571428571,2,,,,,129114
2019-10-27,201944,76.0,76,76,76,0.8340839,18.661665,0,1,353870920194419589,2023-08-20,Piracicaba,1.1776321,407252,20.8571428571429,78.2346485714286,0,0,1,69.536626,59.2862188571429,22.7974025714286,25.4285714285714,1,,,,,129114
2019-10-20,201943,53.0,53,53,53,0.14322786,13.014055,0,1,353870920194319589,2023-08-20,Piracicaba,0.8216506,407252,17.8571428571429,80.6339567142857,0,0,1,75.4438172857143,68.4850018571429,19.1038962857143,20.8571428571429,1,,,,,129114
2019-10-13,201942,74.0,74,74,74,0.6379673,18.170568,0,1,353870920194219589,2023-08-20,Piracicaba,1.0604843,407252,20.4285714285714,76.5212495714286,0,0,1,67.2964348571429,58.4147465714286,22.25974,24.4285714285714,2,,,,,129114
2019-10-06,201941,59.0,59,59,59,0.014572531,14.487345,0,1,353870920194119589,2023-08-20,Piracicaba,0.69384927,407252,18.4285714285714,84.4232065714286,0,0,1,78.7209735714286,69.2021868571429,19.6493505714286,21.2857142857143,1,,,,,129114
2019-09-29,201940,64.0,64,64,64,0.011257683,15.715085,0,1,353870920194019589,2023-08-20,Piracicaba,0.69282657,407252,16.8571428571429,78.3602197142857,0,0,1,71.1918861428571,57.2801562857143,18.6623377142857,21.8571428571429,3,,,,,129114
2019-09-22,201939,76.0,76,76,76,0.52071995,18.661665,0,1,353870920193919589,2023-08-20,Piracicaba,1.0084592,407252,15.1428571428571,85.0602665714286,0,0,1,78.4002395714286,71.9865688571429,16.4083694285714,17.8571428571429,0,,,,,129114
2019-09-15,201938,136.0,136,136,136,1.0,33.394558,0,1,353870920193819589,2023-08-20,Piracicaba,2.3502872,407252,19.2857142857143,77.7511898571429,0,1,1,67.61936,49.814136,21.5129874285714,25.2857142857143,2,,,,,129114
2019-09-08,201937,53.0,53,53,53,0.646748,13.014055,0,1,353870920193719589,2023-08-20,Piracicaba,1.0770382,407252,19.1428571428571,73.2646952857143,0,0,1,62.1054952857143,47.9009347142857,21.5974025714286,25.0,1,,,,,129114
2019-09-01,201936,60.0,60,60,60,0.9177042,14.732893,0,1,353870920193619589,2023-08-20,Piracicaba,1.3105029,407252,16.0,90.5538171428571,0,0,1,86.0805075714286,79.8327928571429,16.7897544285714,18.1428571428571,4,,,,,129114
2019-08-25,201935,46.0,46,46,46,0.48537785,11.2952175,0,1,353870920193519589,2023-08-20,Piracicaba,0.9924334,407252,14.7142857142857,81.0610817142857,0,0,1,75.4627684285714,65.1648934285714,16.2207792857143,18.8571428571429,2,,,,,129114
2019-08-18,201934,45.0,45,45,45,0.17954113,11.049669,0,1,353870920193419589,2023-08-20,Piracicaba,0.83203584,407252,14.5714285714286,82.5692542857143,0,0,1,74.3457232857143,61.2592004285714,16.1915585714286,18.8571428571429,4,,,,,129114
2019-08-11,201933,44.0,44,44,44,0.007966969,10.804121,0,1,353870920193319589,2023-08-20,Piracicaba,0.6333521,407252,14.0,80.8047585714286,0,0,1,73.3498708571429,61.281213,15.894805,18.4285714285714,3,,,,,129114
2019-08-04,201932,46.0,46,46,46,0.00014708529,11.2952175,0,1,353870920193219589,2023-08-20,Piracicaba,0.52676857,407252,13.8571428571429,83.8441808571429,0,0,1,76.837147,66.796269,15.6233767142857,17.8571428571429,4,,,,,129114
2019-07-28,201931,72.0,72,72,72,0.0009627948,17.679472,0,1,353870920193119589,2023-08-20,Piracicaba,0.6314547,407252,13.8571428571429,88.0367557142857,0,0,1,80.3630057142857,67.6568155714286,15.6493508571429,18.1428571428571,5,,,,,129114
2019-07-21,201930,89.0,89,89,89,2.2911083e-06,21.85379,0,1,353870920193019589,2023-08-20,Piracicaba,0.55347764,407252,14.7142857142857,78.7767921428571,0,0,1,72.2605544285714,62.2891277142857,16.3623375714286,18.5714285714286,14,,,,,129114
2019-07-14,201929,92.0,92,92,92,2.7766678e-13,22.590435,0,1,353870920192919589,2023-08-20,Piracicaba,0.42452586,407252,12.0,84.4869888571428,0,0,1,77.5429522857143,66.8049294285714,13.6378065714286,16.0,16,,,,,129114
2019-07-07,201928,160.0,160,160,160,2.8962714e-07,39.287712,0,1,353870920192819589,2023-08-20,Piracicaba,0.61052656,407252,9.0,88.2731185714286,0,0,1,80.4935608571429,68.4346068571429,11.0870132142857,13.4285714285714,33,,,,,129114
2019-06-30,201927,220.0,220,220,220,0.00026859384,54.020607,0,4,353870920192719589,2023-08-20,Piracicaba,0.736739,407252,14.4285714285714,86.8832591428571,0,0,2,75.4902845714286,65.0096715714286,17.0952381428571,19.7142857142857,29,,,,,129114
2019-06-23,201926,286.0,286,286,286,0.013342527,70.22679,0,4,353870920192619589,2023-08-20,Piracicaba,0.8376359,407252,16.0,82.06064,0,0,2,74.2020514285714,58.4767201428571,17.9740261428571,21.0,45,,,,,129114
2019-06-16,201925,266.0,266,266,266,5.3871344e-07,65.31583,0,4,353870920192519589,2023-08-20,Piracicaba,0.6811782,407252,15.4285714285714,86.4513742857143,0,0,2,80.0179342857143,70.5687912857143,16.9480521428571,19.1428571428571,57,,,,,129114
2019-06-09,201924,372.0,372,372,372,1.711333e-05,91.34393,0,4,353870920192419589,2023-08-20,Piracicaba,0.7535791,407252,14.1428571428571,83.8952542857143,0,0,2,75.2682008571429,61.9970165714286,16.55303,19.4285714285714,80,,,,,129114
2019-06-02,201923,359.0,359,359,359,0.0,88.15181,0,4,353870920192319589,2023-08-20,Piracicaba,0.49720493,407252,13.8571428571429,90.4268591428571,0,0,2,86.1439485714286,80.10135,14.9558441428571,16.5714285714286,68,,,,,129114
2019-05-26,201922,437.0,437,437,437,0.0,107.304565,0,4,353870920192219589,2023-08-20,Piracicaba,0.43051213,407252,15.4285714285714,88.9447577142857,0,0,2,79.6202482857143,67.1090101428571,17.6103894285714,20.2857142857143,123,,,,,129114
2019-05-19,201921,587.0,587,587,587,0.0,144.1368,0,4,353870920192119589,2023-08-20,Piracicaba,0.5033597,407252,14.5714285714286,90.4834028571428,0,0,2,84.5556391428571,74.8995428571429,16.2971555714286,18.8571428571429,199,,,,,129114
2019-05-12,201920,1196.0,1196,1196,1196,0.8500923,293.67566,0,4,353870920192019589,2023-08-20,Piracicaba,1.0437794,407252,18.2857142857143,89.8348428571429,0,0,2,84.8275338571429,78.6256542857143,19.3766237142857,20.7142857142857,414,,,,,129114
2019-05-05,201919,1261.0,1261,1261,1261,0.9999981,309.6363,0,4,353870920191919589,2023-08-20,Piracicaba,1.2130545,407252,18.7142857142857,89.1699971428571,0,1,2,83.6048085714286,76.6971651428571,19.9166668571429,21.8571428571429,434,,,,,129114
2019-04-28,201918,1152.0,1152,1152,1152,1.0,282.87155,0,4,353870920191819589,2023-08-20,Piracicaba,1.3059397,407252,18.8571428571429,90.0143357142857,0,1,2,82.2555034285714,72.0672914285714,20.4984962857143,23.0,405,,,,,129114
2019-04-21,201917,1097.0,1097,1097,1097,1.0,269.3664,0,4,353870920191719589,2023-08-20,Piracicaba,1.5466846,407252,19.8571428571429,89.1077242857143,0,1,2,81.606342,68.6923442857143,21.552257,24.1428571428571,474,,,,,129114
2019-04-14,201916,888.0,888,888,888,1.0,218.04681,0,4,353870920191619589,2023-08-20,Piracicaba,1.5839936,407252,17.8571428571429,89.8322314285714,0,1,2,84.1855234285714,70.755654,19.5844157142857,22.1428571428571,435,,,,,129114
2019-04-07,201915,699.0,699,699,699,1.0,171.6382,0,4,353870920191519589,2023-08-20,Piracicaba,1.5961376,407252,19.2857142857143,91.5950214285714,1,1,2,87.4227465714286,81.1368917142857,20.3414505714286,22.1428571428571,336,,,,,129114
2019-03-31,201914,537.0,537,537,537,1.0,131.85939,0,4,353870920191419589,2023-08-20,Piracicaba,1.6619182,407252,19.0,86.7466234285714,0,1,2,79.4299814285714,70.1412344285714,20.7142857142857,23.0,270,,,,,129114
2019-03-24,201913,463.0,463,463,463,1.0,113.68882,0,4,353870920191319589,2023-08-20,Piracicaba,2.0487075,407252,19.0,85.2802214285714,0,1,2,78.5564414285714,71.0594202857143,20.2380954285714,22.1428571428571,241,,,,,129114
2019-03-17,201912,301.0,301,301,301,1.0,73.91001,0,4,353870920191219589,2023-08-20,Piracicaba,1.9614493,407252,19.8571428571429,92.3155014285714,1,1,2,86.3037648571429,80.3034025714286,20.8701297142857,22.2857142857143,152,,,,,129114
2019-03-10,201911,224.0,224,224,224,1.0,55.0028,0,3,353870920191119589,2023-08-20,Piracicaba,2.1344469,407252,20.8571428571429,91.6596714285714,1,1,2,85.0230322857143,75.686105,21.9181814285714,23.5714285714286,89,,,,,129114
2019-03-03,201910,136.0,136,136,136,0.9999871,33.394558,0,2,353870920191019589,2023-08-20,Piracicaba,1.804286,407252,20.0,91.5891514285714,1,1,1,86.7243588571429,78.2745007142857,21.3376625714286,23.4285714285714,44,,,,,129114
2019-02-24,201909,104.0,104,104,104,0.9995674,25.537014,0,1,353870920190919589,2023-08-20,Piracicaba,1.6911308,407252,20.8571428571429,92.4182357142857,1,1,1,88.3480694285714,80.4323864285714,21.5584414285714,22.8571428571429,37,,,,,129114
2019-02-17,201908,61.0,61,61,61,0.7373562,14.978441,0,1,353870920190819589,2023-08-20,Piracicaba,1.1252841,407252,20.4285714285714,91.6372728571429,1,0,1,87.2728992857143,79.9986357142857,21.4675322857143,23.0,15,,,,,129114
2019-02-10,201907,64.0,64,64,64,0.9519433,15.715085,0,1,353870920190719589,2023-08-20,Piracicaba,1.3733083,407252,20.5714285714286,84.7090521428571,0,1,1,77.8821521428571,68.8506,21.8638887142857,23.8571428571429,21,,,,,129114
2019-02-03,201906,52.0,52,52,52,0.9465733,12.768507,0,1,353870920190619589,2023-08-20,Piracicaba,1.4090432,407252,18.8571428571429,88.5211111428572,0,0,1,76.9461678571429,60.4444678571429,21.7365082857143,25.8571428571429,9,,,,,129114
2019-01-27,201905,53.0,53,53,53,0.99384826,13.014055,0,1,353870920190519589,2023-08-20,Piracicaba,1.7435099,407252,21.4285714285714,79.0620878571429,0,1,1,53.0083762857143,25.0267731428571,27.5119051428571,34.4285714285714,7,,,,,129114
2019-01-20,201904,32.0,32,32,32,0.6037264,7.8575425,0,1,353870920190419589,2023-08-20,Piracicaba,1.0686569,407252,20.8571428571429,88.4517108571429,0,0,1,68.8425135714286,41.0102947142857,25.5103522857143,32.0,6,,,,,129114
2019-01-13,201903,29.0,29,29,29,0.41237867,7.1208982,0,1,353870920190319589,2023-08-20,Piracicaba,0.94466096,407252,21.5714285714286,88.523916,0,0,1,69.242421,48.1553552857143,25.6561077142857,30.5714285714286,1,,,,,129114
2019-01-06,201902,24.0,24,24,24,0.41485953,5.893157,0,1,353870920190219589,2023-08-20,Piracicaba,0.94116646,407252,21.1428571428571,89.2847128571429,0,0,1,81.6922201428571,68.1384438571429,22.620635,25.1428571428571,2,,,,,129114
2018-12-30,201901,43.0,43,43,43,0.9989297,10.558573,0,1,353870920190119589,2023-08-20,Piracicaba,2.2333853,407252,20.7142857142857,90.9485171428571,0,1,1,84.3375762857143,76.7932591428571,22.0714285714286,24.0,1,,,,,129114
2018-12-23,201852,21.0,21,21,21,0.8036217,5.1565123,0,1,353870920185219589,2023-08-20,Piracicaba,1.3226424,407252,19.5714285714286,87.5243228571429,0,0,1,78.5319747142857,63.8389648571429,21.4848485714286,24.5714285714286,1,,,,,129114
2018-12-16,201851,19.0,19,19,19,0.75001806,4.6654162,0,1,353870920185119589,2023-08-20,Piracicaba,1.2572236,407252,22.1428571428571,84.771251,0,0,1,61.829559,36.9830807142857,27.1488097142857,33.2857142857143,0,,,,,129114
2018-12-09,201850,14.0,14,14,14,0.43502295,3.437675,0,1,353870920185019589,2023-08-20,Piracicaba,0.941729,407252,18.8571428571429,77.2275492857143,0,0,0,52.9669485714286,27.5068891428571,25.3426502857143,32.1428571428571,0,,,,,129114
2018-12-02,201849,15.0,15,15,15,0.6126854,3.6832232,0,1,353870920184919589,2023-08-20,Piracicaba,1.111586,407252,18.2857142857143,83.8735837142857,0,0,0,75.7461388571429,65.1569834285714,20.0726191428571,23.0,0,,,,,129114
2018-11-25,201848,16.0,16,16,16,0.7250768,3.9287713,0,1,353870920184819589,2023-08-20,Piracicaba,1.246269,407252,19.0,86.0099542857143,0,0,1,82.4959794285714,76.8341798571429,19.5714285714286,20.4285714285714,0,,,,,129114
2018-11-18,201847,15.0,15,15,15,0.5566422,3.6832232,0,1,353870920184719589,2023-08-20,Piracicaba,1.0533245,407252,18.4285714285714,88.2620585714286,0,0,0,84.4593174285714,78.1754514285714,19.1365078571429,20.4285714285714,0,,,,,129114
2018-11-11,201846,7.0,7,7,7,0.04548849,1.7188375,0,1,353870920184619589,2023-08-20,Piracicaba,0.47885963,407252,20.2857142857143,83.8137385714286,0,0,0,76.707475,69.1023657142857,21.5761905714286,23.2857142857143,0,,,,,129114
2018-11-04,201845,20.0,20,20,20,0.7828195,4.910964,0,1,353870920184519589,2023-08-20,Piracicaba,1.2979002,407252,17.5714285714286,84.96727,0,0,1,80.7188942857143,74.9258007142857,18.4190477142857,19.7142857142857,0,,,,,129114
2018-10-28,201844,12.0,12,12,12,0.23074184,2.9465785,0,1,353870920184419589,2023-08-20,Piracicaba,0.7585461,407252,17.4285714285714,87.3650617142857,0,0,0,80.9172965714286,73.8710405714286,18.4025977142857,20.2857142857143,0,,,,,129114
2018-10-21,201843,14.0,14,14,14,0.46499664,3.437675,0,1,353870920184319589,2023-08-20,Piracicaba,0.9680643,407252,17.7142857142857,86.7190505714286,0,0,0,83.4778567142857,77.2754058571429,18.2480521428571,19.4285714285714,0,,,,,129114
2018-10-14,201842,22.0,22,22,22,0.91849864,5.4020605,0,1,353870920184219589,2023-08-20,Piracicaba,1.5953879,407252,19.0,89.9083314285714,0,0,1,76.6010162857143,60.1187838571429,22.0243925714286,26.1428571428571,0,,,,,129114
2018-10-07,201841,8.0,8,8,8,0.1705696,1.9643856,0,1,353870920184119589,2023-08-20,Piracicaba,0.65730506,407252,18.8571428571429,90.0099,0,0,0,76.5368537142857,59.3206871428571,22.5391962857143,27.0,0,,,,,129114
2018-09-30,201840,19.0,19,19,19,0.9636739,4.6654162,0,1,353870920184019589,2023-08-20,Piracicaba,1.9733922,407252,18.5714285714286,89.8717862857143,0,1,1,80.028555,68.5848652857143,20.5485602857143,23.4285714285714,0,,,,,129114
2018-09-23,201839,10.0,10,10,10,0.7431769,2.455482,0,1,353870920183919589,2023-08-20,Piracicaba,1.3605461,407252,18.7142857142857,81.6859517142857,0,0,0,74.5758951428571,63.0574488571429,20.1168834285714,22.5714285714286,0,,,,,129114
2018-09-16,201838,12.0,12,12,12,0.8602699,2.9465785,0,1,353870920183819589,2023-08-20,Piracicaba,1.6288851,407252,16.7142857142857,89.7418982857143,0,0,0,84.8539064285714,77.6043328571429,18.012987,19.8571428571429,1,,,,,129114
2018-09-09,201837,4.0,4,4,4,0.120993435,0.9821928,0,1,353870920183719589,2023-08-20,Piracicaba,0.5098291,407252,15.1428571428571,86.4014534285714,0,0,0,80.4337914285714,72.8805921428571,16.4389611428571,18.4285714285714,0,,,,,129114
2018-09-02,201836,7.0,7,7,7,0.5370111,1.7188375,0,1,353870920183619589,2023-08-20,Piracicaba,1.0499582,407252,13.1428571428571,87.2367828571429,0,0,0,79.3006851428571,66.8048567142857,14.9350645714286,18.1428571428571,0,,,,,129114
2018-08-26,201835,11.0,11,11,11,0.93385124,2.7010303,0,1,353870920183519589,2023-08-20,Piracicaba,2.125324,407252,14.5714285714286,81.6956164285714,0,0,0,73.1001684285714,59.8407125714286,16.7569987142857,20.1428571428571,1,,,,,129114
2018-08-19,201834,5.0,5,5,5,0.5880198,1.227741,0,1,353870920183419589,2023-08-20,Piracicaba,1.1494292,407252,15.2857142857143,81.2955824285714,0,0,0,70.4290821428571,58.156024,17.6623377142857,20.5714285714286,1,,,,,129114
2018-08-12,201833,6.0,6,6,6,0.62579936,1.4732893,0,1,353870920183319589,2023-08-20,Piracicaba,1.2053034,407252,13.0,86.0949728571428,0,0,0,77.9167528571429,65.1520335714286,14.6621212857143,17.1428571428571,0,,,,,129114
2018-08-05,201832,3.0,3,3,3,0.12785217,0.7366446,0,1,353870920183219589,2023-08-20,Piracicaba,0.47902507,407252,13.1428571428571,91.1043142857143,0,0,0,74.4458754285714,51.7748095714286,16.8809522857143,22.0,0,,,,,129114
2018-07-29,201831,4.0,4,4,4,0.22580078,0.9821928,0,1,353870920183119589,2023-08-20,Piracicaba,0.6340454,407252,14.8571428571429,86.3676935714286,0,0,0,71.9827874285714,57.1365927142857,17.9316532857143,21.8571428571429,0,,,,,129114
2018-07-22,201830,8.0,8,8,8,0.7436968,1.9643856,0,1,353870920183019589,2023-08-20,Piracicaba,1.4134934,407252,14.7142857142857,83.2955885714286,0,0,0,59.9275872857143,32.7712778571429,19.9821431428571,26.4285714285714,0,,,,,129114
2018-07-15,201829,7.0,7,7,7,0.6704563,1.7188375,0,1,353870920182919589,2023-08-20,Piracicaba,1.2740754,407252,14.1428571428571,73.5285528571429,0,0,0,52.3084368571429,31.2481425714286,19.7763268571429,25.8571428571429,0,,,,,129114
2018-07-08,201828,4.0,4,4,4,0.27586845,0.9821928,0,1,353870920182819589,2023-08-20,Piracicaba,0.6924312,407252,11.0,81.0641795714286,0,0,0,71.4638337142857,54.6768164285714,13.1558441428571,16.1428571428571,1,,,,,129114
2018-07-01,201827,7.0,7,7,7,0.4020137,1.7188375,0,1,353870920182719589,2023-08-20,Piracicaba,0.8825043,407252,14.7142857142857,82.3400342857143,0,0,0,72.3556872857143,56.4584221428571,16.8506494285714,19.8571428571429,0,,,,,129114
2018-06-24,201826,4.0,4,4,4,0.025475603,0.9821928,0,1,353870920182619589,2023-08-20,Piracicaba,0.3557152,407252,15.5714285714286,78.8224622857143,0,0,0,68.083517,50.3682975714286,17.7038962857143,21.1428571428571,0,,,,,129114
2018-06-17,201825,6.0,6,6,6,0.06842364,1.4732893,0,1,353870920182519589,2023-08-20,Piracicaba,0.49502784,407252,14.8571428571429,86.3693985714286,0,0,0,79.4633371428571,70.3884898571429,16.0818181428571,17.7142857142857,0,,,,,129114
2018-06-10,201824,14.0,14,14,14,0.8165844,3.437675,0,1,353870920182419589,2023-08-20,Piracicaba,1.4437674,407252,16.5714285714286,87.3213565714286,0,0,0,82.3358185714286,74.6464618571429,18.1441554285714,20.2857142857143,0,,,,,129114
2018-06-03,201823,14.0,14,14,14,0.9226737,3.437675,0,1,353870920182319589,2023-08-20,Piracicaba,1.8493145,407252,15.5714285714286,88.1117942857143,0,0,0,82.9613717142857,74.9847138571429,16.7012988571429,18.4285714285714,0,,,,,129114
2018-05-27,201822,11.0,11,11,11,0.71834254,2.7010303,0,1,353870920182219589,2023-08-20,Piracicaba,1.2932743,407252,13.8571428571429,83.1373908571429,0,0,0,73.7883704285714,60.3390485714286,15.6753247142857,18.1428571428571,0,,,,,129114
2018-05-20,201821,2.0,2,2,2,0.003707667,0.4910964,0,1,353870920182119589,2023-08-20,Piracicaba,0.18609145,407252,11.5714285714286,87.2467348571429,0,0,0,74.8825211428571,62.2266125714286,14.167749,16.8571428571429,0,,,,,129114
2018-05-13,201820,12.0,12,12,12,0.3210504,2.9465785,0,1,353870920182019589,2023-08-20,Piracicaba,0.83645046,407252,16.8571428571429,88.2183791428571,0,0,0,73.1147551428571,49.3834641428571,20.7236028571429,26.0,0,,,,,129114
2018-05-06,201819,7.0,7,7,7,0.012504838,1.7188375,0,1,353870920181919589,2023-08-20,Piracicaba,0.39391428,407252,16.8571428571429,85.8441671428571,0,0,0,64.1331741428571,38.0382178571429,21.5838505714286,27.4285714285714,0,,,,,129114
2018-04-29,201818,16.0,16,16,16,0.28470603,3.9287713,0,1,353870920181819589,2023-08-20,Piracicaba,0.82731473,407252,18.0,83.5259271428571,0,0,1,60.029006,31.2365261428571,23.3154762857143,29.5714285714286,0,,,,,129114
2018-04-22,201817,18.0,18,18,18,0.43603525,4.419868,0,1,353870920181719589,2023-08-20,Piracicaba,0.9489658,407252,17.7142857142857,88.9506262857143,0,0,1,68.3733011428571,40.172679,22.0654765714286,27.5714285714286,1,,,,,129114
2018-04-15,201816,22.0,22,22,22,0.77665555,5.4020605,0,1,353870920181619589,2023-08-20,Piracicaba,1.272644,407252,15.7142857142857,84.7327508571428,0,0,1,76.1287042857143,64.3446621428571,17.9914502857143,20.5714285714286,0,,,,,129114
2018-04-08,201815,17.0,17,17,17,0.6438431,4.1743197,0,1,353870920181519589,2023-08-20,Piracicaba,1.1376022,407252,18.2857142857143,89.0375162857143,0,0,1,81.7063518571429,73.4680575714286,20.0233765714286,22.1428571428571,1,,,,,129114
2018-04-01,201814,22.0,22,22,22,0.89989626,5.4020605,0,1,353870920181419589,2023-08-20,Piracicaba,1.5287842,407252,18.7142857142857,93.1218097142857,1,0,1,87.6806307142857,80.9790028571429,20.1025974285714,21.5714285714286,0,,,,,129114
2018-03-25,201813,9.0,9,9,9,0.16194825,2.209934,0,1,353870920181319589,2023-08-20,Piracicaba,0.66251,407252,20.4285714285714,90.8161528571429,0,0,0,84.7033292857143,77.2003371428571,21.1818177142857,22.4285714285714,0,,,,,129114
2018-03-18,201812,18.0,18,18,18,0.85236233,4.419868,0,1,353870920181219589,2023-08-20,Piracicaba,1.4595697,407252,20.2857142857143,90.79858,0,0,1,85.0710964285714,75.2982428571429,21.6272725714286,23.7142857142857,0,,,,,129114
2018-03-11,201811,13.0,13,13,13,0.5835085,3.1921268,0,1,353870920181119589,2023-08-20,Piracicaba,1.0865897,407252,20.7142857142857,90.8268928571429,0,0,0,82.8602634285714,69.0654294285714,22.4038962857143,25.0,1,,,,,129114
2018-03-04,201810,12.0,12,12,12,0.43772665,2.9465785,0,1,353870920181019589,2023-08-20,Piracicaba,0.9399316,407252,20.7142857142857,90.04119,0,0,0,85.1745034285714,78.9881415714286,21.818182,23.5714285714286,2,,,,,129114
2018-02-25,201809,11.0,11,11,11,0.27642396,2.7010303,0,1,353870920180919589,2023-08-20,Piracicaba,0.79084367,407252,19.8571428571429,93.2057642857143,1,0,0,78.4585894285714,58.6433707142857,22.943182,27.2857142857143,0,,,,,129114
2018-02-18,201808,13.0,13,13,13,0.34327376,3.1921268,0,1,353870920180819589,2023-08-20,Piracicaba,0.8605407,407252,19.8571428571429,89.9566351428571,0,0,0,83.5148298571429,70.5082821428571,21.4502168571429,24.0,3,,,,,129114
2018-02-11,201807,14.0,14,14,14,0.31363147,3.437675,0,1,353870920180719589,2023-08-20,Piracicaba,0.8408337,407252,19.4285714285714,88.3320637142857,0,0,0,83.1672478571429,78.1410742857143,20.7285714285714,21.8571428571429,0,,,,,129114
2018-02-04,201806,15.0,15,15,15,0.30089155,3.6832232,0,1,353870920180619589,2023-08-20,Piracicaba,0.8353811,407252,18.8571428571429,82.2720742857143,0,0,0,73.592715,58.469528,20.9309522857143,24.0,0,,,,,129114
2018-01-28,201805,16.0,16,16,16,0.35534233,3.9287713,0,1,353870920180519589,2023-08-20,Piracicaba,0.8820158,407252,19.1428571428571,89.1647857142857,0,0,1,84.0015202857143,74.6767028571429,20.1460315714286,21.7142857142857,1,,,,,129114
2018-01-21,201804,20.0,20,20,20,0.54852873,4.910964,0,1,353870920180419589,2023-08-20,Piracicaba,1.0392749,407252,20.5714285714286,88.4765314285714,0,0,1,83.0754522857143,74.5292292857143,21.7476191428571,23.5714285714286,0,,,,,129114
2018-01-14,201803,18.0,18,18,18,0.33113283,4.419868,0,1,353870920180319589,2023-08-20,Piracicaba,0.87013537,407252,20.0,93.1777842857143,1,0,1,84.6337241428571,70.5904415714286,21.7484127142857,24.7142857142857,0,,,,,129114
2018-01-07,201802,15.0,15,15,15,0.18569113,3.6832232,0,1,353870920180219589,2023-08-20,Piracicaba,0.74135876,407252,19.1428571428571,92.3198071428571,1,0,0,87.8005778571429,81.7058894285714,19.6857142857143,20.4285714285714,0,,,,,129114
2017-12-31,201801,29.0,29,29,29,0.81907755,7.1208982,0,1,353870920180119589,2023-08-20,Piracicaba,1.2879227,407252,20.0,90.7566614285714,0,0,1,85.4499192857143,79.3794061428571,20.8142857142857,22.4285714285714,0,,,,,129114
